# Churub cute tuna - meters, Y up, static model
mtllib Tuna.mtl
o Tuna
v 0.2301889 0.2077193 0.0000000
v 0.2301889 0.2077193 0.0000000
v 0.2301889 0.2077193 0.0000000
v 0.2301889 0.2077193 0.0000000
v 0.2301889 0.2077193 0.0000000
v 0.2301889 0.2077193 0.0000000
v 0.2301889 0.2077193 0.0000000
v 0.2301889 0.2077193 0.0000000
v 0.2301889 0.2077193 0.0000000
v 0.2301889 0.2077193 0.0000000
v 0.2301889 0.2077193 0.0000000
v 0.2301889 0.2077193 0.0000000
v 0.2301889 0.2077193 0.0000000
v 0.2301889 0.2077193 0.0000000
v 0.2301889 0.2077193 0.0000000
v 0.2301889 0.2077193 0.0000000
v 0.2301889 0.2077193 0.0000000
v 0.2301889 0.2077193 0.0000000
v 0.2301889 0.2077193 0.0000000
v 0.2301889 0.2077193 0.0000000
v 0.2301889 0.2077193 0.0000000
v 0.2301889 0.2077193 0.0000000
v 0.2301889 0.2077193 0.0000000
v 0.2301889 0.2077193 0.0000000
v 0.2301889 0.2077193 0.0000000
v 0.2244323 0.2352969 0.0000000
v 0.2244323 0.2343572 0.0050715
v 0.2244323 0.2316022 0.0097973
v 0.2244323 0.2272196 0.0138555
v 0.2244323 0.2215081 0.0169694
v 0.2244323 0.2148569 0.0189269
v 0.2244323 0.2077193 0.0195946
v 0.2244323 0.2005817 0.0189269
v 0.2244323 0.1939305 0.0169694
v 0.2244323 0.1882190 0.0138555
v 0.2244323 0.1838364 0.0097973
v 0.2244323 0.1810814 0.0050715
v 0.2244323 0.1801417 0.0000000
v 0.2244323 0.1810814 -0.0050715
v 0.2244323 0.1838364 -0.0097973
v 0.2244323 0.1882190 -0.0138555
v 0.2244323 0.1939305 -0.0169694
v 0.2244323 0.2005817 -0.0189269
v 0.2244323 0.2077193 -0.0195946
v 0.2244323 0.2148569 -0.0189269
v 0.2244323 0.2215081 -0.0169694
v 0.2244323 0.2272196 -0.0138555
v 0.2244323 0.2316022 -0.0097973
v 0.2244323 0.2343572 -0.0050715
v 0.2244323 0.2352969 -0.0000000
v 0.2073836 0.2628891 0.0000000
v 0.2073836 0.2610092 0.0101456
v 0.2073836 0.2554977 0.0195998
v 0.2073836 0.2467302 0.0277183
v 0.2073836 0.2353042 0.0339478
v 0.2073836 0.2219983 0.0378639
v 0.2073836 0.2077193 0.0391996
v 0.2073836 0.1934403 0.0378639
v 0.2073836 0.1801344 0.0339478
v 0.2073836 0.1687084 0.0277183
v 0.2073836 0.1599409 0.0195998
v 0.2073836 0.1544294 0.0101456
v 0.2073836 0.1525495 0.0000000
v 0.2073836 0.1544294 -0.0101456
v 0.2073836 0.1599409 -0.0195998
v 0.2073836 0.1687084 -0.0277183
v 0.2073836 0.1801344 -0.0339478
v 0.2073836 0.1934403 -0.0378639
v 0.2073836 0.2077193 -0.0391996
v 0.2073836 0.2219983 -0.0378639
v 0.2073836 0.2353042 -0.0339478
v 0.2073836 0.2467302 -0.0277183
v 0.2073836 0.2554977 -0.0195998
v 0.2073836 0.2610092 -0.0101456
v 0.2073836 0.2628891 -0.0000000
v 0.1796980 0.2903462 0.0000000
v 0.1796980 0.2875307 0.0151949
v 0.1796980 0.2792763 0.0293543
v 0.1796980 0.2661453 0.0415132
v 0.1796980 0.2490327 0.0508431
v 0.1796980 0.2291047 0.0567081
v 0.1796980 0.2077193 0.0587086
v 0.1796980 0.1863339 0.0567081
v 0.1796980 0.1664059 0.0508431
v 0.1796980 0.1492933 0.0415132
v 0.1796980 0.1361623 0.0293543
v 0.1796980 0.1279079 0.0151949
v 0.1796980 0.1250924 0.0000000
v 0.1796980 0.1279079 -0.0151949
v 0.1796980 0.1361623 -0.0293543
v 0.1796980 0.1492933 -0.0415132
v 0.1796980 0.1664059 -0.0508431
v 0.1796980 0.1863339 -0.0567081
v 0.1796980 0.2077193 -0.0587086
v 0.1796980 0.2291047 -0.0567081
v 0.1796980 0.2490327 -0.0508431
v 0.1796980 0.2661453 -0.0415132
v 0.1796980 0.2792763 -0.0293543
v 0.1796980 0.2875307 -0.0151949
v 0.1796980 0.2903462 -0.0000000
v 0.1424395 0.3172216 0.0000000
v 0.1424395 0.3134904 0.0201372
v 0.1424395 0.3025511 0.0389021
v 0.1424395 0.2851491 0.0550159
v 0.1424395 0.2624705 0.0673805
v 0.1424395 0.2360606 0.0751532
v 0.1424395 0.2077193 0.0778043
v 0.1424395 0.1793780 0.0751532
v 0.1424395 0.1529681 0.0673805
v 0.1424395 0.1302895 0.0550159
v 0.1424395 0.1128875 0.0389021
v 0.1424395 0.1019482 0.0201372
v 0.1424395 0.0982170 0.0000000
v 0.1424395 0.1019482 -0.0201372
v 0.1424395 0.1128875 -0.0389021
v 0.1424395 0.1302895 -0.0550159
v 0.1424395 0.1529681 -0.0673805
v 0.1424395 0.1793780 -0.0751532
v 0.1424395 0.2077193 -0.0778043
v 0.1424395 0.2360606 -0.0751532
v 0.1424395 0.2624705 -0.0673805
v 0.1424395 0.2851491 -0.0550159
v 0.1424395 0.3025511 -0.0389021
v 0.1424395 0.3134904 -0.0201372
v 0.1424395 0.3172216 -0.0000000
v 0.0970399 0.3426963 0.0000000
v 0.0970399 0.3380971 0.0248220
v 0.0970399 0.3246128 0.0479524
v 0.0970399 0.3031625 0.0678149
v 0.0970399 0.2752078 0.0830559
v 0.0970399 0.2426539 0.0926368
v 0.0970399 0.2077193 0.0959047
v 0.0970399 0.1727847 0.0926368
v 0.0970399 0.1402308 0.0830559
v 0.0970399 0.1122761 0.0678149
v 0.0970399 0.0908258 0.0479524
v 0.0970399 0.0773415 0.0248220
v 0.0970399 0.0727423 0.0000000
v 0.0970399 0.0773415 -0.0248220
v 0.0970399 0.0908258 -0.0479524
v 0.0970399 0.1122761 -0.0678149
v 0.0970399 0.1402308 -0.0830559
v 0.0970399 0.1727847 -0.0926368
v 0.0970399 0.2077193 -0.0959047
v 0.0970399 0.2426539 -0.0926368
v 0.0970399 0.2752078 -0.0830559
v 0.0970399 0.3031625 -0.0678149
v 0.0970399 0.3246128 -0.0479524
v 0.0970399 0.3380971 -0.0248220
v 0.0970399 0.3426963 -0.0000000
v 0.0452439 0.3655775 0.0000000
v 0.0452439 0.3601987 0.0290298
v 0.0452439 0.3444286 0.0560812
v 0.0452439 0.3193419 0.0793108
v 0.0452439 0.2866484 0.0971355
v 0.0452439 0.2485760 0.1083406
v 0.0452439 0.2077193 0.1121624
v 0.0452439 0.1668626 0.1083406
v 0.0452439 0.1287902 0.0971355
v 0.0452439 0.0960967 0.0793108
v 0.0452439 0.0710100 0.0560812
v 0.0452439 0.0552399 0.0290298
v 0.0452439 0.0498610 0.0000000
v 0.0452439 0.0552399 -0.0290298
v 0.0452439 0.0710100 -0.0560812
v 0.0452439 0.0960967 -0.0793108
v 0.0452439 0.1287902 -0.0971355
v 0.0452439 0.1668626 -0.1083406
v 0.0452439 0.2077193 -0.1121624
v 0.0452439 0.2485760 -0.1083406
v 0.0452439 0.2866484 -0.0971355
v 0.0452439 0.3193419 -0.0793108
v 0.0452439 0.3444286 -0.0560812
v 0.0452439 0.3601987 -0.0290298
v 0.0452439 0.3655775 -0.0000000
v -0.0109581 0.3843775 0.0000000
v -0.0109581 0.3783580 0.0324870
v -0.0109581 0.3607098 0.0627601
v -0.0109581 0.3326355 0.0887563
v -0.0109581 0.2960484 0.1087038
v -0.0109581 0.2534418 0.1212433
v -0.0109581 0.2077193 0.1255203
v -0.0109581 0.1619968 0.1212433
v -0.0109581 0.1193902 0.1087038
v -0.0109581 0.0828031 0.0887563
v -0.0109581 0.0547288 0.0627601
v -0.0109581 0.0370806 0.0324870
v -0.0109581 0.0310611 0.0000000
v -0.0109581 0.0370806 -0.0324870
v -0.0109581 0.0547288 -0.0627601
v -0.0109581 0.0828031 -0.0887563
v -0.0109581 0.1193902 -0.1087038
v -0.0109581 0.1619968 -0.1212433
v -0.0109581 0.2077193 -0.1255203
v -0.0109581 0.2534418 -0.1212433
v -0.0109581 0.2960484 -0.1087038
v -0.0109581 0.3326355 -0.0887563
v -0.0109581 0.3607098 -0.0627601
v -0.0109581 0.3783580 -0.0324870
v -0.0109581 0.3843775 -0.0000000
v -0.0694062 0.3974629 0.0000000
v -0.0694062 0.3909975 0.0348934
v -0.0694062 0.3720421 0.0674089
v -0.0694062 0.3418883 0.0953306
v -0.0694062 0.3025911 0.1167557
v -0.0694062 0.2568286 0.1302240
v -0.0694062 0.2077193 0.1348178
v -0.0694062 0.1586100 0.1302240
v -0.0694062 0.1128475 0.1167557
v -0.0694062 0.0735503 0.0953306
v -0.0694062 0.0433965 0.0674089
v -0.0694062 0.0244411 0.0348934
v -0.0694062 0.0179757 0.0000000
v -0.0694062 0.0244411 -0.0348934
v -0.0694062 0.0433965 -0.0674089
v -0.0694062 0.0735503 -0.0953306
v -0.0694062 0.1128475 -0.1167557
v -0.0694062 0.1586100 -0.1302240
v -0.0694062 0.2077193 -0.1348178
v -0.0694062 0.2568286 -0.1302240
v -0.0694062 0.3025911 -0.1167557
v -0.0694062 0.3418883 -0.0953306
v -0.0694062 0.3720421 -0.0674089
v -0.0694062 0.3909975 -0.0348934
v -0.0694062 0.3974629 -0.0000000
v -0.1278543 0.3938170 0.0000000
v -0.1278543 0.3874759 0.0342230
v -0.1278543 0.3688847 0.0661137
v -0.1278543 0.3393103 0.0934988
v -0.1278543 0.3007682 0.1145122
v -0.1278543 0.2558849 0.1277218
v -0.1278543 0.2077193 0.1322273
v -0.1278543 0.1595537 0.1277218
v -0.1278543 0.1146704 0.1145122
v -0.1278543 0.0761283 0.0934988
v -0.1278543 0.0465539 0.0661137
v -0.1278543 0.0279627 0.0342230
v -0.1278543 0.0216216 0.0000000
v -0.1278543 0.0279627 -0.0342230
v -0.1278543 0.0465539 -0.0661137
v -0.1278543 0.0761283 -0.0934988
v -0.1278543 0.1146704 -0.1145122
v -0.1278543 0.1595537 -0.1277218
v -0.1278543 0.2077193 -0.1322273
v -0.1278543 0.2558849 -0.1277218
v -0.1278543 0.3007682 -0.1145122
v -0.1278543 0.3393103 -0.0934988
v -0.1278543 0.3688847 -0.0661137
v -0.1278543 0.3874759 -0.0342230
v -0.1278543 0.3938170 -0.0000000
v -0.1840563 0.3830195 0.0000000
v -0.1840563 0.3770463 0.0322373
v -0.1840563 0.3595337 0.0622777
v -0.1840563 0.3316753 0.0880740
v -0.1840563 0.2953694 0.1078682
v -0.1840563 0.2530903 0.1203113
v -0.1840563 0.2077193 0.1245554
v -0.1840563 0.1623483 0.1203113
v -0.1840563 0.1200692 0.1078682
v -0.1840563 0.0837633 0.0880740
v -0.1840563 0.0559049 0.0622777
v -0.1840563 0.0383923 0.0322373
v -0.1840563 0.0324191 0.0000000
v -0.1840563 0.0383923 -0.0322373
v -0.1840563 0.0559049 -0.0622777
v -0.1840563 0.0837633 -0.0880740
v -0.1840563 0.1200692 -0.1078682
v -0.1840563 0.1623483 -0.1203113
v -0.1840563 0.2077193 -0.1245554
v -0.1840563 0.2530903 -0.1203113
v -0.1840563 0.2953694 -0.1078682
v -0.1840563 0.3316753 -0.0880740
v -0.1840563 0.3595337 -0.0622777
v -0.1840563 0.3770463 -0.0322373
v -0.1840563 0.3830195 -0.0000000
v -0.2358524 0.3654853 0.0000000
v -0.2358524 0.3601096 0.0290128
v -0.2358524 0.3443487 0.0560485
v -0.2358524 0.3192767 0.0792645
v -0.2358524 0.2866023 0.0970788
v -0.2358524 0.2485522 0.1082773
v -0.2358524 0.2077193 0.1120969
v -0.2358524 0.1668864 0.1082773
v -0.2358524 0.1288363 0.0970788
v -0.2358524 0.0961619 0.0792645
v -0.2358524 0.0710899 0.0560485
v -0.2358524 0.0553290 0.0290128
v -0.2358524 0.0499533 0.0000000
v -0.2358524 0.0553290 -0.0290128
v -0.2358524 0.0710899 -0.0560485
v -0.2358524 0.0961619 -0.0792645
v -0.2358524 0.1288363 -0.0970788
v -0.2358524 0.1668864 -0.1082773
v -0.2358524 0.2077193 -0.1120969
v -0.2358524 0.2485522 -0.1082773
v -0.2358524 0.2866023 -0.0970788
v -0.2358524 0.3192767 -0.0792645
v -0.2358524 0.3443487 -0.0560485
v -0.2358524 0.3601096 -0.0290128
v -0.2358524 0.3654853 -0.0000000
v -0.2812520 0.3418883 0.0000000
v -0.2812520 0.3373166 0.0246734
v -0.2812520 0.3239130 0.0476653
v -0.2812520 0.3025911 0.0674089
v -0.2812520 0.2748038 0.0825587
v -0.2812520 0.2424448 0.0920823
v -0.2812520 0.2077193 0.0953306
v -0.2812520 0.1729938 0.0920823
v -0.2812520 0.1406348 0.0825587
v -0.2812520 0.1128475 0.0674089
v -0.2812520 0.0915256 0.0476653
v -0.2812520 0.0781220 0.0246734
v -0.2812520 0.0735503 0.0000000
v -0.2812520 0.0781220 -0.0246734
v -0.2812520 0.0915256 -0.0476653
v -0.2812520 0.1128475 -0.0674089
v -0.2812520 0.1406348 -0.0825587
v -0.2812520 0.1729938 -0.0920823
v -0.2812520 0.2077193 -0.0953306
v -0.2812520 0.2424448 -0.0920823
v -0.2812520 0.2748038 -0.0825587
v -0.2812520 0.3025911 -0.0674089
v -0.2812520 0.3239130 -0.0476653
v -0.2812520 0.3373166 -0.0246734
v -0.2812520 0.3418883 -0.0000000
v -0.3185105 0.3131352 0.0000000
v -0.3185105 0.3095432 0.0193857
v -0.3185105 0.2990121 0.0374504
v -0.3185105 0.2822596 0.0529628
v -0.3185105 0.2604272 0.0648660
v -0.3185105 0.2350029 0.0723486
v -0.3185105 0.2077193 0.0749008
v -0.3185105 0.1804357 0.0723486
v -0.3185105 0.1550114 0.0648660
v -0.3185105 0.1331790 0.0529628
v -0.3185105 0.1164265 0.0374504
v -0.3185105 0.1058954 0.0193857
v -0.3185105 0.1023034 0.0000000
v -0.3185105 0.1058954 -0.0193857
v -0.3185105 0.1164265 -0.0374504
v -0.3185105 0.1331790 -0.0529628
v -0.3185105 0.1550114 -0.0648660
v -0.3185105 0.1804357 -0.0723486
v -0.3185105 0.2077193 -0.0749008
v -0.3185105 0.2350029 -0.0723486
v -0.3185105 0.2604272 -0.0648660
v -0.3185105 0.2822596 -0.0529628
v -0.3185105 0.2990121 -0.0374504
v -0.3185105 0.3095432 -0.0193857
v -0.3185105 0.3131352 -0.0000000
v -0.3461960 0.2803310 0.0000000
v -0.3461960 0.2778568 0.0133531
v -0.3461960 0.2706029 0.0257963
v -0.3461960 0.2590635 0.0364814
v -0.3461960 0.2440252 0.0446805
v -0.3461960 0.2265126 0.0498346
v -0.3461960 0.2077193 0.0515925
v -0.3461960 0.1889260 0.0498346
v -0.3461960 0.1714134 0.0446805
v -0.3461960 0.1563751 0.0364814
v -0.3461960 0.1448357 0.0257963
v -0.3461960 0.1375818 0.0133531
v -0.3461960 0.1351076 0.0000000
v -0.3461960 0.1375818 -0.0133531
v -0.3461960 0.1448357 -0.0257963
v -0.3461960 0.1563751 -0.0364814
v -0.3461960 0.1714134 -0.0446805
v -0.3461960 0.1889260 -0.0498346
v -0.3461960 0.2077193 -0.0515925
v -0.3461960 0.2265126 -0.0498346
v -0.3461960 0.2440252 -0.0446805
v -0.3461960 0.2590635 -0.0364814
v -0.3461960 0.2706029 -0.0257963
v -0.3461960 0.2778568 -0.0133531
v -0.3461960 0.2803310 -0.0000000
v -0.3632447 0.2447364 0.0000000
v -0.3632447 0.2434751 0.0068074
v -0.3632447 0.2397771 0.0131508
v -0.3632447 0.2338944 0.0185981
v -0.3632447 0.2262279 0.0227779
v -0.3632447 0.2173000 0.0254054
v -0.3632447 0.2077193 0.0263017
v -0.3632447 0.1981386 0.0254054
v -0.3632447 0.1892107 0.0227779
v -0.3632447 0.1815442 0.0185981
v -0.3632447 0.1756615 0.0131508
v -0.3632447 0.1719635 0.0068074
v -0.3632447 0.1707022 0.0000000
v -0.3632447 0.1719635 -0.0068074
v -0.3632447 0.1756615 -0.0131508
v -0.3632447 0.1815442 -0.0185981
v -0.3632447 0.1892107 -0.0227779
v -0.3632447 0.1981386 -0.0254054
v -0.3632447 0.2077193 -0.0263017
v -0.3632447 0.2173000 -0.0254054
v -0.3632447 0.2262279 -0.0227779
v -0.3632447 0.2338944 -0.0185981
v -0.3632447 0.2397771 -0.0131508
v -0.3632447 0.2434751 -0.0068074
v -0.3632447 0.2447364 -0.0000000
v -0.3690013 0.2077193 0.0000000
v -0.3690013 0.2077193 0.0000000
v -0.3690013 0.2077193 0.0000000
v -0.3690013 0.2077193 0.0000000
v -0.3690013 0.2077193 0.0000000
v -0.3690013 0.2077193 0.0000000
v -0.3690013 0.2077193 0.0000000
v -0.3690013 0.2077193 0.0000000
v -0.3690013 0.2077193 0.0000000
v -0.3690013 0.2077193 0.0000000
v -0.3690013 0.2077193 0.0000000
v -0.3690013 0.2077193 0.0000000
v -0.3690013 0.2077193 0.0000000
v -0.3690013 0.2077193 -0.0000000
v -0.3690013 0.2077193 -0.0000000
v -0.3690013 0.2077193 -0.0000000
v -0.3690013 0.2077193 -0.0000000
v -0.3690013 0.2077193 -0.0000000
v -0.3690013 0.2077193 -0.0000000
v -0.3690013 0.2077193 -0.0000000
v -0.3690013 0.2077193 -0.0000000
v -0.3690013 0.2077193 -0.0000000
v -0.3690013 0.2077193 -0.0000000
v -0.3690013 0.2077193 -0.0000000
v -0.3690013 0.2077193 -0.0000000
v 0.2941026 0.2077193 0.0000000
v 0.2941026 0.2077193 0.0000000
v 0.2941026 0.2077193 0.0000000
v 0.2941026 0.2077193 0.0000000
v 0.2941026 0.2077193 0.0000000
v 0.2941026 0.2077193 0.0000000
v 0.2941026 0.2077193 0.0000000
v 0.2941026 0.2077193 0.0000000
v 0.2941026 0.2077193 0.0000000
v 0.2941026 0.2077193 0.0000000
v 0.2941026 0.2077193 0.0000000
v 0.2941026 0.2077193 0.0000000
v 0.2941026 0.2077193 0.0000000
v 0.2876411 0.2260633 0.0000000
v 0.2876411 0.2236057 0.0091720
v 0.2876411 0.2168913 0.0158864
v 0.2876411 0.2077193 0.0183440
v 0.2876411 0.1985473 0.0158864
v 0.2876411 0.1918329 0.0091720
v 0.2876411 0.1893753 0.0000000
v 0.2876411 0.1918329 -0.0091720
v 0.2876411 0.1985473 -0.0158864
v 0.2876411 0.2077193 -0.0183440
v 0.2876411 0.2168913 -0.0158864
v 0.2876411 0.2236057 -0.0091720
v 0.2876411 0.2260633 -0.0000000
v 0.2692402 0.2416146 0.0000000
v 0.2692402 0.2370735 0.0169477
v 0.2692402 0.2246670 0.0293542
v 0.2692402 0.2077193 0.0338953
v 0.2692402 0.1907716 0.0293542
v 0.2692402 0.1783651 0.0169477
v 0.2692402 0.1738240 0.0000000
v 0.2692402 0.1783651 -0.0169477
v 0.2692402 0.1907716 -0.0293542
v 0.2692402 0.2077193 -0.0338953
v 0.2692402 0.2246670 -0.0293542
v 0.2692402 0.2370735 -0.0169477
v 0.2692402 0.2416146 -0.0000000
v 0.2417015 0.2520057 0.0000000
v 0.2417015 0.2460724 0.0221432
v 0.2417015 0.2298625 0.0383531
v 0.2417015 0.2077193 0.0442864
v 0.2417015 0.1855761 0.0383531
v 0.2417015 0.1693662 0.0221432
v 0.2417015 0.1634329 0.0000000
v 0.2417015 0.1693662 -0.0221432
v 0.2417015 0.1855761 -0.0383531
v 0.2417015 0.2077193 -0.0442864
v 0.2417015 0.2298625 -0.0383531
v 0.2417015 0.2460724 -0.0221432
v 0.2417015 0.2520057 -0.0000000
v 0.2092173 0.2556545 0.0000000
v 0.2092173 0.2492324 0.0239676
v 0.2092173 0.2316869 0.0415131
v 0.2092173 0.2077193 0.0479352
v 0.2092173 0.1837517 0.0415131
v 0.2092173 0.1662062 0.0239676
v 0.2092173 0.1597841 0.0000000
v 0.2092173 0.1662062 -0.0239676
v 0.2092173 0.1837517 -0.0415131
v 0.2092173 0.2077193 -0.0479352
v 0.2092173 0.2316869 -0.0415131
v 0.2092173 0.2492324 -0.0239676
v 0.2092173 0.2556545 -0.0000000
v 0.1767331 0.2520057 0.0000000
v 0.1767331 0.2460724 0.0221432
v 0.1767331 0.2298625 0.0383531
v 0.1767331 0.2077193 0.0442864
v 0.1767331 0.1855761 0.0383531
v 0.1767331 0.1693662 0.0221432
v 0.1767331 0.1634329 0.0000000
v 0.1767331 0.1693662 -0.0221432
v 0.1767331 0.1855761 -0.0383531
v 0.1767331 0.2077193 -0.0442864
v 0.1767331 0.2298625 -0.0383531
v 0.1767331 0.2460724 -0.0221432
v 0.1767331 0.2520057 -0.0000000
v 0.1491943 0.2416146 0.0000000
v 0.1491943 0.2370735 0.0169477
v 0.1491943 0.2246670 0.0293542
v 0.1491943 0.2077193 0.0338953
v 0.1491943 0.1907716 0.0293542
v 0.1491943 0.1783651 0.0169477
v 0.1491943 0.1738240 0.0000000
v 0.1491943 0.1783651 -0.0169477
v 0.1491943 0.1907716 -0.0293542
v 0.1491943 0.2077193 -0.0338953
v 0.1491943 0.2246670 -0.0293542
v 0.1491943 0.2370735 -0.0169477
v 0.1491943 0.2416146 -0.0000000
v 0.1307935 0.2260633 0.0000000
v 0.1307935 0.2236057 0.0091720
v 0.1307935 0.2168913 0.0158864
v 0.1307935 0.2077193 0.0183440
v 0.1307935 0.1985473 0.0158864
v 0.1307935 0.1918329 0.0091720
v 0.1307935 0.1893753 0.0000000
v 0.1307935 0.1918329 -0.0091720
v 0.1307935 0.1985473 -0.0158864
v 0.1307935 0.2077193 -0.0183440
v 0.1307935 0.2168913 -0.0158864
v 0.1307935 0.2236057 -0.0091720
v 0.1307935 0.2260633 -0.0000000
v 0.1243320 0.2077193 0.0000000
v 0.1243320 0.2077193 0.0000000
v 0.1243320 0.2077193 0.0000000
v 0.1243320 0.2077193 0.0000000
v 0.1243320 0.2077193 0.0000000
v 0.1243320 0.2077193 0.0000000
v 0.1243320 0.2077193 0.0000000
v 0.1243320 0.2077193 -0.0000000
v 0.1243320 0.2077193 -0.0000000
v 0.1243320 0.2077193 -0.0000000
v 0.1243320 0.2077193 -0.0000000
v 0.1243320 0.2077193 -0.0000000
v 0.1243320 0.2077193 -0.0000000
v 0.2471660 0.2077193 -0.0124831
v 0.3700000 0.3774899 -0.0124831
v 0.3390418 0.2676383 -0.0124831
v 0.2471660 0.2077193 0.0124831
v 0.3700000 0.3774899 0.0124831
v 0.3390418 0.2676383 0.0124831
v 0.2471660 0.2077193 -0.0124831
v 0.3390418 0.2676383 -0.0124831
v 0.3340486 0.2077193 -0.0124831
v 0.2471660 0.2077193 0.0124831
v 0.3390418 0.2676383 0.0124831
v 0.3340486 0.2077193 0.0124831
v 0.2471660 0.2077193 -0.0124831
v 0.3340486 0.2077193 -0.0124831
v 0.3390418 0.1478003 -0.0124831
v 0.2471660 0.2077193 0.0124831
v 0.3340486 0.2077193 0.0124831
v 0.3390418 0.1478003 0.0124831
v 0.2471660 0.2077193 -0.0124831
v 0.3390418 0.1478003 -0.0124831
v 0.3700000 0.0379487 -0.0124831
v 0.2471660 0.2077193 0.0124831
v 0.3390418 0.1478003 0.0124831
v 0.3700000 0.0379487 0.0124831
v -0.1043590 0.3724966 -0.0124831
v 0.0204723 0.4973279 -0.0124831
v 0.0404453 0.3675034 -0.0124831
v -0.1043590 0.3724966 0.0124831
v 0.0204723 0.4973279 0.0124831
v 0.0404453 0.3675034 0.0124831
v 0.0753981 0.3425371 -0.0084885
v 0.1303239 0.3974629 -0.0084885
v 0.1492982 0.3125776 -0.0084885
v 0.0753981 0.3425371 0.0084885
v 0.1303239 0.3974629 0.0084885
v 0.1492982 0.3125776 0.0084885
v -0.2241970 0.2456680 -0.0858839
v -0.2241970 0.2456680 -0.0858839
v -0.2241970 0.2456680 -0.0858839
v -0.2241970 0.2456680 -0.0858839
v -0.2241970 0.2456680 -0.0858839
v -0.2241970 0.2456680 -0.0858839
v -0.2241970 0.2456680 -0.0858839
v -0.2241970 0.2456680 -0.0858839
v -0.2241970 0.2456680 -0.0858839
v -0.2241970 0.2456680 -0.0858839
v -0.2241970 0.2456680 -0.0858839
v -0.2241970 0.2456680 -0.0858839
v -0.2241970 0.2456680 -0.0858839
v -0.2241970 0.2456680 -0.0858839
v -0.2241970 0.2456680 -0.0858839
v -0.2241970 0.2456680 -0.0858839
v -0.2241970 0.2456680 -0.0858839
v -0.2262988 0.2595550 -0.0858839
v -0.2262988 0.2584979 -0.0836401
v -0.2262988 0.2554876 -0.0817379
v -0.2262988 0.2509823 -0.0804669
v -0.2262988 0.2456680 -0.0800205
v -0.2262988 0.2403537 -0.0804669
v -0.2262988 0.2358484 -0.0817379
v -0.2262988 0.2328381 -0.0836401
v -0.2262988 0.2317810 -0.0858839
v -0.2262988 0.2328381 -0.0881278
v -0.2262988 0.2358484 -0.0900300
v -0.2262988 0.2403537 -0.0913010
v -0.2262988 0.2456680 -0.0917473
v -0.2262988 0.2509823 -0.0913010
v -0.2262988 0.2554876 -0.0900300
v -0.2262988 0.2584979 -0.0881278
v -0.2262988 0.2595550 -0.0858839
v -0.2323982 0.2720827 -0.0858839
v -0.2323982 0.2700720 -0.0816159
v -0.2323982 0.2643460 -0.0779977
v -0.2323982 0.2557765 -0.0755801
v -0.2323982 0.2456680 -0.0747311
v -0.2323982 0.2355596 -0.0755801
v -0.2323982 0.2269900 -0.0779977
v -0.2323982 0.2212641 -0.0816159
v -0.2323982 0.2192534 -0.0858839
v -0.2323982 0.2212641 -0.0901520
v -0.2323982 0.2269900 -0.0937702
v -0.2323982 0.2355596 -0.0961878
v -0.2323982 0.2456680 -0.0970368
v -0.2323982 0.2557765 -0.0961878
v -0.2323982 0.2643460 -0.0937702
v -0.2323982 0.2700720 -0.0901520
v -0.2323982 0.2720827 -0.0858839
v -0.2418983 0.2820247 -0.0858839
v -0.2418983 0.2792572 -0.0800095
v -0.2418983 0.2713760 -0.0750294
v -0.2418983 0.2595811 -0.0717019
v -0.2418983 0.2456680 -0.0705334
v -0.2418983 0.2317549 -0.0717019
v -0.2418983 0.2199600 -0.0750294
v -0.2418983 0.2120789 -0.0800095
v -0.2418983 0.2093114 -0.0858839
v -0.2418983 0.2120789 -0.0917584
v -0.2418983 0.2199600 -0.0967384
v -0.2418983 0.2317549 -0.1000660
v -0.2418983 0.2456680 -0.1012345
v -0.2418983 0.2595811 -0.1000660
v -0.2418983 0.2713760 -0.0967384
v -0.2418983 0.2792572 -0.0917584
v -0.2418983 0.2820247 -0.0858839
v -0.2538692 0.2884078 -0.0858839
v -0.2538692 0.2851544 -0.0789782
v -0.2538692 0.2758896 -0.0731237
v -0.2538692 0.2620238 -0.0692119
v -0.2538692 0.2456680 -0.0678383
v -0.2538692 0.2293122 -0.0692119
v -0.2538692 0.2154464 -0.0731237
v -0.2538692 0.2061816 -0.0789782
v -0.2538692 0.2029282 -0.0858839
v -0.2538692 0.2061816 -0.0927897
v -0.2538692 0.2154464 -0.0986442
v -0.2538692 0.2293122 -0.1025560
v -0.2538692 0.2456680 -0.1039296
v -0.2538692 0.2620238 -0.1025560
v -0.2538692 0.2758896 -0.0986442
v -0.2538692 0.2851544 -0.0927897
v -0.2538692 0.2884078 -0.0858839
v -0.2671390 0.2906073 -0.0858839
v -0.2671390 0.2871865 -0.0786228
v -0.2671390 0.2774449 -0.0724670
v -0.2671390 0.2628655 -0.0683539
v -0.2671390 0.2456680 -0.0669096
v -0.2671390 0.2284705 -0.0683539
v -0.2671390 0.2138912 -0.0724670
v -0.2671390 0.2041495 -0.0786228
v -0.2671390 0.2007287 -0.0858839
v -0.2671390 0.2041495 -0.0931451
v -0.2671390 0.2138912 -0.0993008
v -0.2671390 0.2284705 -0.1034140
v -0.2671390 0.2456680 -0.1048583
v -0.2671390 0.2628655 -0.1034140
v -0.2671390 0.2774449 -0.0993008
v -0.2671390 0.2871865 -0.0931451
v -0.2671390 0.2906073 -0.0858839
v -0.2804088 0.2884078 -0.0858839
v -0.2804088 0.2851544 -0.0789782
v -0.2804088 0.2758896 -0.0731237
v -0.2804088 0.2620238 -0.0692119
v -0.2804088 0.2456680 -0.0678383
v -0.2804088 0.2293122 -0.0692119
v -0.2804088 0.2154464 -0.0731237
v -0.2804088 0.2061816 -0.0789782
v -0.2804088 0.2029282 -0.0858839
v -0.2804088 0.2061816 -0.0927897
v -0.2804088 0.2154464 -0.0986442
v -0.2804088 0.2293122 -0.1025560
v -0.2804088 0.2456680 -0.1039296
v -0.2804088 0.2620238 -0.1025560
v -0.2804088 0.2758896 -0.0986442
v -0.2804088 0.2851544 -0.0927897
v -0.2804088 0.2884078 -0.0858839
v -0.2923797 0.2820247 -0.0858839
v -0.2923797 0.2792572 -0.0800095
v -0.2923797 0.2713760 -0.0750294
v -0.2923797 0.2595811 -0.0717019
v -0.2923797 0.2456680 -0.0705334
v -0.2923797 0.2317549 -0.0717019
v -0.2923797 0.2199600 -0.0750294
v -0.2923797 0.2120789 -0.0800095
v -0.2923797 0.2093114 -0.0858839
v -0.2923797 0.2120789 -0.0917584
v -0.2923797 0.2199600 -0.0967384
v -0.2923797 0.2317549 -0.1000660
v -0.2923797 0.2456680 -0.1012345
v -0.2923797 0.2595811 -0.1000660
v -0.2923797 0.2713760 -0.0967384
v -0.2923797 0.2792572 -0.0917584
v -0.2923797 0.2820247 -0.0858839
v -0.3018798 0.2720827 -0.0858839
v -0.3018798 0.2700720 -0.0816159
v -0.3018798 0.2643460 -0.0779977
v -0.3018798 0.2557765 -0.0755801
v -0.3018798 0.2456680 -0.0747311
v -0.3018798 0.2355596 -0.0755801
v -0.3018798 0.2269900 -0.0779977
v -0.3018798 0.2212641 -0.0816159
v -0.3018798 0.2192534 -0.0858839
v -0.3018798 0.2212641 -0.0901520
v -0.3018798 0.2269900 -0.0937702
v -0.3018798 0.2355596 -0.0961878
v -0.3018798 0.2456680 -0.0970368
v -0.3018798 0.2557765 -0.0961878
v -0.3018798 0.2643460 -0.0937702
v -0.3018798 0.2700720 -0.0901520
v -0.3018798 0.2720827 -0.0858839
v -0.3079792 0.2595550 -0.0858839
v -0.3079792 0.2584979 -0.0836401
v -0.3079792 0.2554876 -0.0817379
v -0.3079792 0.2509823 -0.0804669
v -0.3079792 0.2456680 -0.0800205
v -0.3079792 0.2403537 -0.0804669
v -0.3079792 0.2358484 -0.0817379
v -0.3079792 0.2328381 -0.0836401
v -0.3079792 0.2317810 -0.0858839
v -0.3079792 0.2328381 -0.0881278
v -0.3079792 0.2358484 -0.0900300
v -0.3079792 0.2403537 -0.0913010
v -0.3079792 0.2456680 -0.0917473
v -0.3079792 0.2509823 -0.0913010
v -0.3079792 0.2554876 -0.0900300
v -0.3079792 0.2584979 -0.0881278
v -0.3079792 0.2595550 -0.0858839
v -0.3100810 0.2456680 -0.0858839
v -0.3100810 0.2456680 -0.0858839
v -0.3100810 0.2456680 -0.0858839
v -0.3100810 0.2456680 -0.0858839
v -0.3100810 0.2456680 -0.0858839
v -0.3100810 0.2456680 -0.0858839
v -0.3100810 0.2456680 -0.0858839
v -0.3100810 0.2456680 -0.0858839
v -0.3100810 0.2456680 -0.0858839
v -0.3100810 0.2456680 -0.0858839
v -0.3100810 0.2456680 -0.0858839
v -0.3100810 0.2456680 -0.0858839
v -0.3100810 0.2456680 -0.0858839
v -0.3100810 0.2456680 -0.0858839
v -0.3100810 0.2456680 -0.0858839
v -0.3100810 0.2456680 -0.0858839
v -0.3100810 0.2456680 -0.0858839
v -0.2341835 0.2476653 -0.1008637
v -0.2341835 0.2476653 -0.1008637
v -0.2341835 0.2476653 -0.1008637
v -0.2341835 0.2476653 -0.1008637
v -0.2341835 0.2476653 -0.1008637
v -0.2341835 0.2476653 -0.1008637
v -0.2341835 0.2476653 -0.1008637
v -0.2341835 0.2476653 -0.1008637
v -0.2341835 0.2476653 -0.1008637
v -0.2341835 0.2476653 -0.1008637
v -0.2341835 0.2476653 -0.1008637
v -0.2341835 0.2476653 -0.1008637
v -0.2341835 0.2476653 -0.1008637
v -0.2341835 0.2476653 -0.1008637
v -0.2341835 0.2476653 -0.1008637
v -0.2341835 0.2476653 -0.1008637
v -0.2341835 0.2476653 -0.1008637
v -0.2358942 0.2587749 -0.1008637
v -0.2358942 0.2579292 -0.0987380
v -0.2358942 0.2555210 -0.0969359
v -0.2358942 0.2519168 -0.0957317
v -0.2358942 0.2476653 -0.0953089
v -0.2358942 0.2434139 -0.0957317
v -0.2358942 0.2398096 -0.0969359
v -0.2358942 0.2374014 -0.0987380
v -0.2358942 0.2365557 -0.1008637
v -0.2358942 0.2374014 -0.1029894
v -0.2358942 0.2398096 -0.1047915
v -0.2358942 0.2434139 -0.1059957
v -0.2358942 0.2476653 -0.1064185
v -0.2358942 0.2519168 -0.1059957
v -0.2358942 0.2555210 -0.1047915
v -0.2358942 0.2579292 -0.1029894
v -0.2358942 0.2587749 -0.1008637
v -0.2408589 0.2687970 -0.1008637
v -0.2408589 0.2671885 -0.0968203
v -0.2408589 0.2626077 -0.0933925
v -0.2408589 0.2557521 -0.0911021
v -0.2408589 0.2476653 -0.0902978
v -0.2408589 0.2395786 -0.0911021
v -0.2408589 0.2327229 -0.0933925
v -0.2408589 0.2281422 -0.0968203
v -0.2408589 0.2265336 -0.1008637
v -0.2408589 0.2281422 -0.1049071
v -0.2408589 0.2327229 -0.1083349
v -0.2408589 0.2395786 -0.1106253
v -0.2408589 0.2476653 -0.1114296
v -0.2408589 0.2557521 -0.1106253
v -0.2408589 0.2626077 -0.1083349
v -0.2408589 0.2671885 -0.1049071
v -0.2408589 0.2687970 -0.1008637
v -0.2485916 0.2767506 -0.1008637
v -0.2485916 0.2745366 -0.0952985
v -0.2485916 0.2682317 -0.0905805
v -0.2485916 0.2587958 -0.0874280
v -0.2485916 0.2476653 -0.0863210
v -0.2485916 0.2365349 -0.0874280
v -0.2485916 0.2270989 -0.0905805
v -0.2485916 0.2207940 -0.0952985
v -0.2485916 0.2185800 -0.1008637
v -0.2485916 0.2207940 -0.1064289
v -0.2485916 0.2270989 -0.1111469
v -0.2485916 0.2365349 -0.1142994
v -0.2485916 0.2476653 -0.1154064
v -0.2485916 0.2587958 -0.1142994
v -0.2485916 0.2682317 -0.1111469
v -0.2485916 0.2745366 -0.1064289
v -0.2485916 0.2767506 -0.1008637
v -0.2583353 0.2818571 -0.1008637
v -0.2583353 0.2792544 -0.0943214
v -0.2583353 0.2718426 -0.0887751
v -0.2583353 0.2607500 -0.0850691
v -0.2583353 0.2476653 -0.0837678
v -0.2583353 0.2345807 -0.0850691
v -0.2583353 0.2234880 -0.0887751
v -0.2583353 0.2160762 -0.0943214
v -0.2583353 0.2134735 -0.1008637
v -0.2583353 0.2160762 -0.1074060
v -0.2583353 0.2234880 -0.1129523
v -0.2583353 0.2345807 -0.1166583
v -0.2583353 0.2476653 -0.1179596
v -0.2583353 0.2607500 -0.1166583
v -0.2583353 0.2718426 -0.1129523
v -0.2583353 0.2792544 -0.1074060
v -0.2583353 0.2818571 -0.1008637
v -0.2691363 0.2836167 -0.1008637
v -0.2691363 0.2808801 -0.0939847
v -0.2691363 0.2730868 -0.0881530
v -0.2691363 0.2614233 -0.0842563
v -0.2691363 0.2476653 -0.0828880
v -0.2691363 0.2339073 -0.0842563
v -0.2691363 0.2222438 -0.0881530
v -0.2691363 0.2144505 -0.0939847
v -0.2691363 0.2117139 -0.1008637
v -0.2691363 0.2144505 -0.1077427
v -0.2691363 0.2222438 -0.1135744
v -0.2691363 0.2339073 -0.1174711
v -0.2691363 0.2476653 -0.1188394
v -0.2691363 0.2614233 -0.1174711
v -0.2691363 0.2730868 -0.1135744
v -0.2691363 0.2808801 -0.1077427
v -0.2691363 0.2836167 -0.1008637
v -0.2799373 0.2818571 -0.1008637
v -0.2799373 0.2792544 -0.0943214
v -0.2799373 0.2718426 -0.0887751
v -0.2799373 0.2607500 -0.0850691
v -0.2799373 0.2476653 -0.0837678
v -0.2799373 0.2345807 -0.0850691
v -0.2799373 0.2234880 -0.0887751
v -0.2799373 0.2160762 -0.0943214
v -0.2799373 0.2134735 -0.1008637
v -0.2799373 0.2160762 -0.1074060
v -0.2799373 0.2234880 -0.1129523
v -0.2799373 0.2345807 -0.1166583
v -0.2799373 0.2476653 -0.1179596
v -0.2799373 0.2607500 -0.1166583
v -0.2799373 0.2718426 -0.1129523
v -0.2799373 0.2792544 -0.1074060
v -0.2799373 0.2818571 -0.1008637
v -0.2896810 0.2767506 -0.1008637
v -0.2896810 0.2745366 -0.0952985
v -0.2896810 0.2682317 -0.0905805
v -0.2896810 0.2587958 -0.0874280
v -0.2896810 0.2476653 -0.0863210
v -0.2896810 0.2365349 -0.0874280
v -0.2896810 0.2270989 -0.0905805
v -0.2896810 0.2207940 -0.0952985
v -0.2896810 0.2185800 -0.1008637
v -0.2896810 0.2207940 -0.1064289
v -0.2896810 0.2270989 -0.1111469
v -0.2896810 0.2365349 -0.1142994
v -0.2896810 0.2476653 -0.1154064
v -0.2896810 0.2587958 -0.1142994
v -0.2896810 0.2682317 -0.1111469
v -0.2896810 0.2745366 -0.1064289
v -0.2896810 0.2767506 -0.1008637
v -0.2974137 0.2687970 -0.1008637
v -0.2974137 0.2671885 -0.0968203
v -0.2974137 0.2626077 -0.0933925
v -0.2974137 0.2557521 -0.0911021
v -0.2974137 0.2476653 -0.0902978
v -0.2974137 0.2395786 -0.0911021
v -0.2974137 0.2327229 -0.0933925
v -0.2974137 0.2281422 -0.0968203
v -0.2974137 0.2265336 -0.1008637
v -0.2974137 0.2281422 -0.1049071
v -0.2974137 0.2327229 -0.1083349
v -0.2974137 0.2395786 -0.1106253
v -0.2974137 0.2476653 -0.1114296
v -0.2974137 0.2557521 -0.1106253
v -0.2974137 0.2626077 -0.1083349
v -0.2974137 0.2671885 -0.1049071
v -0.2974137 0.2687970 -0.1008637
v -0.3023784 0.2587749 -0.1008637
v -0.3023784 0.2579292 -0.0987380
v -0.3023784 0.2555210 -0.0969359
v -0.3023784 0.2519168 -0.0957317
v -0.3023784 0.2476653 -0.0953089
v -0.3023784 0.2434139 -0.0957317
v -0.3023784 0.2398096 -0.0969359
v -0.3023784 0.2374014 -0.0987380
v -0.3023784 0.2365557 -0.1008637
v -0.3023784 0.2374014 -0.1029894
v -0.3023784 0.2398096 -0.1047915
v -0.3023784 0.2434139 -0.1059957
v -0.3023784 0.2476653 -0.1064185
v -0.3023784 0.2519168 -0.1059957
v -0.3023784 0.2555210 -0.1047915
v -0.3023784 0.2579292 -0.1029894
v -0.3023784 0.2587749 -0.1008637
v -0.3040891 0.2476653 -0.1008637
v -0.3040891 0.2476653 -0.1008637
v -0.3040891 0.2476653 -0.1008637
v -0.3040891 0.2476653 -0.1008637
v -0.3040891 0.2476653 -0.1008637
v -0.3040891 0.2476653 -0.1008637
v -0.3040891 0.2476653 -0.1008637
v -0.3040891 0.2476653 -0.1008637
v -0.3040891 0.2476653 -0.1008637
v -0.3040891 0.2476653 -0.1008637
v -0.3040891 0.2476653 -0.1008637
v -0.3040891 0.2476653 -0.1008637
v -0.3040891 0.2476653 -0.1008637
v -0.3040891 0.2476653 -0.1008637
v -0.3040891 0.2476653 -0.1008637
v -0.3040891 0.2476653 -0.1008637
v -0.3040891 0.2476653 -0.1008637
v -0.2701350 0.2636437 -0.1148448
v -0.2701350 0.2636437 -0.1148448
v -0.2701350 0.2636437 -0.1148448
v -0.2701350 0.2636437 -0.1148448
v -0.2701350 0.2636437 -0.1148448
v -0.2701350 0.2636437 -0.1148448
v -0.2701350 0.2636437 -0.1148448
v -0.2701350 0.2636437 -0.1148448
v -0.2701350 0.2636437 -0.1148448
v -0.2701350 0.2636437 -0.1148448
v -0.2701350 0.2636437 -0.1148448
v -0.2714729 0.2691363 -0.1148448
v -0.2714729 0.2680873 -0.1133773
v -0.2714729 0.2653410 -0.1124704
v -0.2714729 0.2619464 -0.1124704
v -0.2714729 0.2592001 -0.1133773
v -0.2714729 0.2581511 -0.1148448
v -0.2714729 0.2592001 -0.1163123
v -0.2714729 0.2619464 -0.1172192
v -0.2714729 0.2653410 -0.1172192
v -0.2714729 0.2680873 -0.1163123
v -0.2714729 0.2691363 -0.1148448
v -0.2751282 0.2731571 -0.1148448
v -0.2751282 0.2713402 -0.1123031
v -0.2751282 0.2665835 -0.1107322
v -0.2751282 0.2607039 -0.1107322
v -0.2751282 0.2559472 -0.1123031
v -0.2751282 0.2541303 -0.1148448
v -0.2751282 0.2559472 -0.1173866
v -0.2751282 0.2607039 -0.1189574
v -0.2751282 0.2665835 -0.1189574
v -0.2751282 0.2713402 -0.1173866
v -0.2751282 0.2731571 -0.1148448
v -0.2801215 0.2746289 -0.1148448
v -0.2801215 0.2725309 -0.1119098
v -0.2801215 0.2670383 -0.1100959
v -0.2801215 0.2602491 -0.1100959
v -0.2801215 0.2547565 -0.1119098
v -0.2801215 0.2526586 -0.1148448
v -0.2801215 0.2547565 -0.1177798
v -0.2801215 0.2602491 -0.1195937
v -0.2801215 0.2670383 -0.1195937
v -0.2801215 0.2725309 -0.1177798
v -0.2801215 0.2746289 -0.1148448
v -0.2851147 0.2731571 -0.1148448
v -0.2851147 0.2713402 -0.1123031
v -0.2851147 0.2665835 -0.1107322
v -0.2851147 0.2607039 -0.1107322
v -0.2851147 0.2559472 -0.1123031
v -0.2851147 0.2541303 -0.1148448
v -0.2851147 0.2559472 -0.1173866
v -0.2851147 0.2607039 -0.1189574
v -0.2851147 0.2665835 -0.1189574
v -0.2851147 0.2713402 -0.1173866
v -0.2851147 0.2731571 -0.1148448
v -0.2887700 0.2691363 -0.1148448
v -0.2887700 0.2680873 -0.1133773
v -0.2887700 0.2653410 -0.1124704
v -0.2887700 0.2619464 -0.1124704
v -0.2887700 0.2592001 -0.1133773
v -0.2887700 0.2581511 -0.1148448
v -0.2887700 0.2592001 -0.1163123
v -0.2887700 0.2619464 -0.1172192
v -0.2887700 0.2653410 -0.1172192
v -0.2887700 0.2680873 -0.1163123
v -0.2887700 0.2691363 -0.1148448
v -0.2901080 0.2636437 -0.1148448
v -0.2901080 0.2636437 -0.1148448
v -0.2901080 0.2636437 -0.1148448
v -0.2901080 0.2636437 -0.1148448
v -0.2901080 0.2636437 -0.1148448
v -0.2901080 0.2636437 -0.1148448
v -0.2901080 0.2636437 -0.1148448
v -0.2901080 0.2636437 -0.1148448
v -0.2901080 0.2636437 -0.1148448
v -0.2901080 0.2636437 -0.1148448
v -0.2901080 0.2636437 -0.1148448
v -0.1393117 0.2107152 -0.1268286
v 0.0424426 0.1577868 -0.1537922
v -0.0594197 0.2466667 -0.1338192
v -0.1393117 0.2107152 -0.1128475
v 0.0424426 0.1577868 -0.1398111
v -0.0594197 0.2466667 -0.1198381
v -0.0544265 0.0449393 -0.0559244
v 0.0324561 0.0000000 -0.0788934
v 0.0134818 0.0689069 -0.0659109
v -0.0544265 0.0449393 -0.0439406
v 0.0324561 0.0000000 -0.0669096
v 0.0134818 0.0689069 -0.0539271
v -0.2241970 0.2456680 0.0858839
v -0.2241970 0.2456680 0.0858839
v -0.2241970 0.2456680 0.0858839
v -0.2241970 0.2456680 0.0858839
v -0.2241970 0.2456680 0.0858839
v -0.2241970 0.2456680 0.0858839
v -0.2241970 0.2456680 0.0858839
v -0.2241970 0.2456680 0.0858839
v -0.2241970 0.2456680 0.0858839
v -0.2241970 0.2456680 0.0858839
v -0.2241970 0.2456680 0.0858839
v -0.2241970 0.2456680 0.0858839
v -0.2241970 0.2456680 0.0858839
v -0.2241970 0.2456680 0.0858839
v -0.2241970 0.2456680 0.0858839
v -0.2241970 0.2456680 0.0858839
v -0.2241970 0.2456680 0.0858839
v -0.2262988 0.2595550 0.0858839
v -0.2262988 0.2584979 0.0881278
v -0.2262988 0.2554876 0.0900300
v -0.2262988 0.2509823 0.0913010
v -0.2262988 0.2456680 0.0917473
v -0.2262988 0.2403537 0.0913010
v -0.2262988 0.2358484 0.0900300
v -0.2262988 0.2328381 0.0881278
v -0.2262988 0.2317810 0.0858839
v -0.2262988 0.2328381 0.0836401
v -0.2262988 0.2358484 0.0817379
v -0.2262988 0.2403537 0.0804669
v -0.2262988 0.2456680 0.0800205
v -0.2262988 0.2509823 0.0804669
v -0.2262988 0.2554876 0.0817379
v -0.2262988 0.2584979 0.0836401
v -0.2262988 0.2595550 0.0858839
v -0.2323982 0.2720827 0.0858839
v -0.2323982 0.2700720 0.0901520
v -0.2323982 0.2643460 0.0937702
v -0.2323982 0.2557765 0.0961878
v -0.2323982 0.2456680 0.0970368
v -0.2323982 0.2355596 0.0961878
v -0.2323982 0.2269900 0.0937702
v -0.2323982 0.2212641 0.0901520
v -0.2323982 0.2192534 0.0858839
v -0.2323982 0.2212641 0.0816159
v -0.2323982 0.2269900 0.0779977
v -0.2323982 0.2355596 0.0755801
v -0.2323982 0.2456680 0.0747311
v -0.2323982 0.2557765 0.0755801
v -0.2323982 0.2643460 0.0779977
v -0.2323982 0.2700720 0.0816159
v -0.2323982 0.2720827 0.0858839
v -0.2418983 0.2820247 0.0858839
v -0.2418983 0.2792572 0.0917584
v -0.2418983 0.2713760 0.0967384
v -0.2418983 0.2595811 0.1000660
v -0.2418983 0.2456680 0.1012345
v -0.2418983 0.2317549 0.1000660
v -0.2418983 0.2199600 0.0967384
v -0.2418983 0.2120789 0.0917584
v -0.2418983 0.2093114 0.0858839
v -0.2418983 0.2120789 0.0800095
v -0.2418983 0.2199600 0.0750294
v -0.2418983 0.2317549 0.0717019
v -0.2418983 0.2456680 0.0705334
v -0.2418983 0.2595811 0.0717019
v -0.2418983 0.2713760 0.0750294
v -0.2418983 0.2792572 0.0800095
v -0.2418983 0.2820247 0.0858839
v -0.2538692 0.2884078 0.0858839
v -0.2538692 0.2851544 0.0927897
v -0.2538692 0.2758896 0.0986442
v -0.2538692 0.2620238 0.1025560
v -0.2538692 0.2456680 0.1039296
v -0.2538692 0.2293122 0.1025560
v -0.2538692 0.2154464 0.0986442
v -0.2538692 0.2061816 0.0927897
v -0.2538692 0.2029282 0.0858839
v -0.2538692 0.2061816 0.0789782
v -0.2538692 0.2154464 0.0731237
v -0.2538692 0.2293122 0.0692119
v -0.2538692 0.2456680 0.0678383
v -0.2538692 0.2620238 0.0692119
v -0.2538692 0.2758896 0.0731237
v -0.2538692 0.2851544 0.0789782
v -0.2538692 0.2884078 0.0858839
v -0.2671390 0.2906073 0.0858839
v -0.2671390 0.2871865 0.0931451
v -0.2671390 0.2774449 0.0993008
v -0.2671390 0.2628655 0.1034140
v -0.2671390 0.2456680 0.1048583
v -0.2671390 0.2284705 0.1034140
v -0.2671390 0.2138912 0.0993008
v -0.2671390 0.2041495 0.0931451
v -0.2671390 0.2007287 0.0858839
v -0.2671390 0.2041495 0.0786228
v -0.2671390 0.2138912 0.0724670
v -0.2671390 0.2284705 0.0683539
v -0.2671390 0.2456680 0.0669096
v -0.2671390 0.2628655 0.0683539
v -0.2671390 0.2774449 0.0724670
v -0.2671390 0.2871865 0.0786228
v -0.2671390 0.2906073 0.0858839
v -0.2804088 0.2884078 0.0858839
v -0.2804088 0.2851544 0.0927897
v -0.2804088 0.2758896 0.0986442
v -0.2804088 0.2620238 0.1025560
v -0.2804088 0.2456680 0.1039296
v -0.2804088 0.2293122 0.1025560
v -0.2804088 0.2154464 0.0986442
v -0.2804088 0.2061816 0.0927897
v -0.2804088 0.2029282 0.0858839
v -0.2804088 0.2061816 0.0789782
v -0.2804088 0.2154464 0.0731237
v -0.2804088 0.2293122 0.0692119
v -0.2804088 0.2456680 0.0678383
v -0.2804088 0.2620238 0.0692119
v -0.2804088 0.2758896 0.0731237
v -0.2804088 0.2851544 0.0789782
v -0.2804088 0.2884078 0.0858839
v -0.2923797 0.2820247 0.0858839
v -0.2923797 0.2792572 0.0917584
v -0.2923797 0.2713760 0.0967384
v -0.2923797 0.2595811 0.1000660
v -0.2923797 0.2456680 0.1012345
v -0.2923797 0.2317549 0.1000660
v -0.2923797 0.2199600 0.0967384
v -0.2923797 0.2120789 0.0917584
v -0.2923797 0.2093114 0.0858839
v -0.2923797 0.2120789 0.0800095
v -0.2923797 0.2199600 0.0750294
v -0.2923797 0.2317549 0.0717019
v -0.2923797 0.2456680 0.0705334
v -0.2923797 0.2595811 0.0717019
v -0.2923797 0.2713760 0.0750294
v -0.2923797 0.2792572 0.0800095
v -0.2923797 0.2820247 0.0858839
v -0.3018798 0.2720827 0.0858839
v -0.3018798 0.2700720 0.0901520
v -0.3018798 0.2643460 0.0937702
v -0.3018798 0.2557765 0.0961878
v -0.3018798 0.2456680 0.0970368
v -0.3018798 0.2355596 0.0961878
v -0.3018798 0.2269900 0.0937702
v -0.3018798 0.2212641 0.0901520
v -0.3018798 0.2192534 0.0858839
v -0.3018798 0.2212641 0.0816159
v -0.3018798 0.2269900 0.0779977
v -0.3018798 0.2355596 0.0755801
v -0.3018798 0.2456680 0.0747311
v -0.3018798 0.2557765 0.0755801
v -0.3018798 0.2643460 0.0779977
v -0.3018798 0.2700720 0.0816159
v -0.3018798 0.2720827 0.0858839
v -0.3079792 0.2595550 0.0858839
v -0.3079792 0.2584979 0.0881278
v -0.3079792 0.2554876 0.0900300
v -0.3079792 0.2509823 0.0913010
v -0.3079792 0.2456680 0.0917473
v -0.3079792 0.2403537 0.0913010
v -0.3079792 0.2358484 0.0900300
v -0.3079792 0.2328381 0.0881278
v -0.3079792 0.2317810 0.0858839
v -0.3079792 0.2328381 0.0836401
v -0.3079792 0.2358484 0.0817379
v -0.3079792 0.2403537 0.0804669
v -0.3079792 0.2456680 0.0800205
v -0.3079792 0.2509823 0.0804669
v -0.3079792 0.2554876 0.0817379
v -0.3079792 0.2584979 0.0836401
v -0.3079792 0.2595550 0.0858839
v -0.3100810 0.2456680 0.0858839
v -0.3100810 0.2456680 0.0858839
v -0.3100810 0.2456680 0.0858839
v -0.3100810 0.2456680 0.0858839
v -0.3100810 0.2456680 0.0858839
v -0.3100810 0.2456680 0.0858839
v -0.3100810 0.2456680 0.0858839
v -0.3100810 0.2456680 0.0858839
v -0.3100810 0.2456680 0.0858839
v -0.3100810 0.2456680 0.0858839
v -0.3100810 0.2456680 0.0858839
v -0.3100810 0.2456680 0.0858839
v -0.3100810 0.2456680 0.0858839
v -0.3100810 0.2456680 0.0858839
v -0.3100810 0.2456680 0.0858839
v -0.3100810 0.2456680 0.0858839
v -0.3100810 0.2456680 0.0858839
v -0.2341835 0.2476653 0.1008637
v -0.2341835 0.2476653 0.1008637
v -0.2341835 0.2476653 0.1008637
v -0.2341835 0.2476653 0.1008637
v -0.2341835 0.2476653 0.1008637
v -0.2341835 0.2476653 0.1008637
v -0.2341835 0.2476653 0.1008637
v -0.2341835 0.2476653 0.1008637
v -0.2341835 0.2476653 0.1008637
v -0.2341835 0.2476653 0.1008637
v -0.2341835 0.2476653 0.1008637
v -0.2341835 0.2476653 0.1008637
v -0.2341835 0.2476653 0.1008637
v -0.2341835 0.2476653 0.1008637
v -0.2341835 0.2476653 0.1008637
v -0.2341835 0.2476653 0.1008637
v -0.2341835 0.2476653 0.1008637
v -0.2358942 0.2587749 0.1008637
v -0.2358942 0.2579292 0.1029894
v -0.2358942 0.2555210 0.1047915
v -0.2358942 0.2519168 0.1059957
v -0.2358942 0.2476653 0.1064185
v -0.2358942 0.2434139 0.1059957
v -0.2358942 0.2398096 0.1047915
v -0.2358942 0.2374014 0.1029894
v -0.2358942 0.2365557 0.1008637
v -0.2358942 0.2374014 0.0987380
v -0.2358942 0.2398096 0.0969359
v -0.2358942 0.2434139 0.0957317
v -0.2358942 0.2476653 0.0953089
v -0.2358942 0.2519168 0.0957317
v -0.2358942 0.2555210 0.0969359
v -0.2358942 0.2579292 0.0987380
v -0.2358942 0.2587749 0.1008637
v -0.2408589 0.2687970 0.1008637
v -0.2408589 0.2671885 0.1049071
v -0.2408589 0.2626077 0.1083349
v -0.2408589 0.2557521 0.1106253
v -0.2408589 0.2476653 0.1114296
v -0.2408589 0.2395786 0.1106253
v -0.2408589 0.2327229 0.1083349
v -0.2408589 0.2281422 0.1049071
v -0.2408589 0.2265336 0.1008637
v -0.2408589 0.2281422 0.0968203
v -0.2408589 0.2327229 0.0933925
v -0.2408589 0.2395786 0.0911021
v -0.2408589 0.2476653 0.0902978
v -0.2408589 0.2557521 0.0911021
v -0.2408589 0.2626077 0.0933925
v -0.2408589 0.2671885 0.0968203
v -0.2408589 0.2687970 0.1008637
v -0.2485916 0.2767506 0.1008637
v -0.2485916 0.2745366 0.1064289
v -0.2485916 0.2682317 0.1111469
v -0.2485916 0.2587958 0.1142994
v -0.2485916 0.2476653 0.1154064
v -0.2485916 0.2365349 0.1142994
v -0.2485916 0.2270989 0.1111469
v -0.2485916 0.2207940 0.1064289
v -0.2485916 0.2185800 0.1008637
v -0.2485916 0.2207940 0.0952985
v -0.2485916 0.2270989 0.0905805
v -0.2485916 0.2365349 0.0874280
v -0.2485916 0.2476653 0.0863210
v -0.2485916 0.2587958 0.0874280
v -0.2485916 0.2682317 0.0905805
v -0.2485916 0.2745366 0.0952985
v -0.2485916 0.2767506 0.1008637
v -0.2583353 0.2818571 0.1008637
v -0.2583353 0.2792544 0.1074060
v -0.2583353 0.2718426 0.1129523
v -0.2583353 0.2607500 0.1166583
v -0.2583353 0.2476653 0.1179596
v -0.2583353 0.2345807 0.1166583
v -0.2583353 0.2234880 0.1129523
v -0.2583353 0.2160762 0.1074060
v -0.2583353 0.2134735 0.1008637
v -0.2583353 0.2160762 0.0943214
v -0.2583353 0.2234880 0.0887751
v -0.2583353 0.2345807 0.0850691
v -0.2583353 0.2476653 0.0837678
v -0.2583353 0.2607500 0.0850691
v -0.2583353 0.2718426 0.0887751
v -0.2583353 0.2792544 0.0943214
v -0.2583353 0.2818571 0.1008637
v -0.2691363 0.2836167 0.1008637
v -0.2691363 0.2808801 0.1077427
v -0.2691363 0.2730868 0.1135744
v -0.2691363 0.2614233 0.1174711
v -0.2691363 0.2476653 0.1188394
v -0.2691363 0.2339073 0.1174711
v -0.2691363 0.2222438 0.1135744
v -0.2691363 0.2144505 0.1077427
v -0.2691363 0.2117139 0.1008637
v -0.2691363 0.2144505 0.0939847
v -0.2691363 0.2222438 0.0881530
v -0.2691363 0.2339073 0.0842563
v -0.2691363 0.2476653 0.0828880
v -0.2691363 0.2614233 0.0842563
v -0.2691363 0.2730868 0.0881530
v -0.2691363 0.2808801 0.0939847
v -0.2691363 0.2836167 0.1008637
v -0.2799373 0.2818571 0.1008637
v -0.2799373 0.2792544 0.1074060
v -0.2799373 0.2718426 0.1129523
v -0.2799373 0.2607500 0.1166583
v -0.2799373 0.2476653 0.1179596
v -0.2799373 0.2345807 0.1166583
v -0.2799373 0.2234880 0.1129523
v -0.2799373 0.2160762 0.1074060
v -0.2799373 0.2134735 0.1008637
v -0.2799373 0.2160762 0.0943214
v -0.2799373 0.2234880 0.0887751
v -0.2799373 0.2345807 0.0850691
v -0.2799373 0.2476653 0.0837678
v -0.2799373 0.2607500 0.0850691
v -0.2799373 0.2718426 0.0887751
v -0.2799373 0.2792544 0.0943214
v -0.2799373 0.2818571 0.1008637
v -0.2896810 0.2767506 0.1008637
v -0.2896810 0.2745366 0.1064289
v -0.2896810 0.2682317 0.1111469
v -0.2896810 0.2587958 0.1142994
v -0.2896810 0.2476653 0.1154064
v -0.2896810 0.2365349 0.1142994
v -0.2896810 0.2270989 0.1111469
v -0.2896810 0.2207940 0.1064289
v -0.2896810 0.2185800 0.1008637
v -0.2896810 0.2207940 0.0952985
v -0.2896810 0.2270989 0.0905805
v -0.2896810 0.2365349 0.0874280
v -0.2896810 0.2476653 0.0863210
v -0.2896810 0.2587958 0.0874280
v -0.2896810 0.2682317 0.0905805
v -0.2896810 0.2745366 0.0952985
v -0.2896810 0.2767506 0.1008637
v -0.2974137 0.2687970 0.1008637
v -0.2974137 0.2671885 0.1049071
v -0.2974137 0.2626077 0.1083349
v -0.2974137 0.2557521 0.1106253
v -0.2974137 0.2476653 0.1114296
v -0.2974137 0.2395786 0.1106253
v -0.2974137 0.2327229 0.1083349
v -0.2974137 0.2281422 0.1049071
v -0.2974137 0.2265336 0.1008637
v -0.2974137 0.2281422 0.0968203
v -0.2974137 0.2327229 0.0933925
v -0.2974137 0.2395786 0.0911021
v -0.2974137 0.2476653 0.0902978
v -0.2974137 0.2557521 0.0911021
v -0.2974137 0.2626077 0.0933925
v -0.2974137 0.2671885 0.0968203
v -0.2974137 0.2687970 0.1008637
v -0.3023784 0.2587749 0.1008637
v -0.3023784 0.2579292 0.1029894
v -0.3023784 0.2555210 0.1047915
v -0.3023784 0.2519168 0.1059957
v -0.3023784 0.2476653 0.1064185
v -0.3023784 0.2434139 0.1059957
v -0.3023784 0.2398096 0.1047915
v -0.3023784 0.2374014 0.1029894
v -0.3023784 0.2365557 0.1008637
v -0.3023784 0.2374014 0.0987380
v -0.3023784 0.2398096 0.0969359
v -0.3023784 0.2434139 0.0957317
v -0.3023784 0.2476653 0.0953089
v -0.3023784 0.2519168 0.0957317
v -0.3023784 0.2555210 0.0969359
v -0.3023784 0.2579292 0.0987380
v -0.3023784 0.2587749 0.1008637
v -0.3040891 0.2476653 0.1008637
v -0.3040891 0.2476653 0.1008637
v -0.3040891 0.2476653 0.1008637
v -0.3040891 0.2476653 0.1008637
v -0.3040891 0.2476653 0.1008637
v -0.3040891 0.2476653 0.1008637
v -0.3040891 0.2476653 0.1008637
v -0.3040891 0.2476653 0.1008637
v -0.3040891 0.2476653 0.1008637
v -0.3040891 0.2476653 0.1008637
v -0.3040891 0.2476653 0.1008637
v -0.3040891 0.2476653 0.1008637
v -0.3040891 0.2476653 0.1008637
v -0.3040891 0.2476653 0.1008637
v -0.3040891 0.2476653 0.1008637
v -0.3040891 0.2476653 0.1008637
v -0.3040891 0.2476653 0.1008637
v -0.2701350 0.2636437 0.1148448
v -0.2701350 0.2636437 0.1148448
v -0.2701350 0.2636437 0.1148448
v -0.2701350 0.2636437 0.1148448
v -0.2701350 0.2636437 0.1148448
v -0.2701350 0.2636437 0.1148448
v -0.2701350 0.2636437 0.1148448
v -0.2701350 0.2636437 0.1148448
v -0.2701350 0.2636437 0.1148448
v -0.2701350 0.2636437 0.1148448
v -0.2701350 0.2636437 0.1148448
v -0.2714729 0.2691363 0.1148448
v -0.2714729 0.2680873 0.1163123
v -0.2714729 0.2653410 0.1172192
v -0.2714729 0.2619464 0.1172192
v -0.2714729 0.2592001 0.1163123
v -0.2714729 0.2581511 0.1148448
v -0.2714729 0.2592001 0.1133773
v -0.2714729 0.2619464 0.1124704
v -0.2714729 0.2653410 0.1124704
v -0.2714729 0.2680873 0.1133773
v -0.2714729 0.2691363 0.1148448
v -0.2751282 0.2731571 0.1148448
v -0.2751282 0.2713402 0.1173866
v -0.2751282 0.2665835 0.1189574
v -0.2751282 0.2607039 0.1189574
v -0.2751282 0.2559472 0.1173866
v -0.2751282 0.2541303 0.1148448
v -0.2751282 0.2559472 0.1123031
v -0.2751282 0.2607039 0.1107322
v -0.2751282 0.2665835 0.1107322
v -0.2751282 0.2713402 0.1123031
v -0.2751282 0.2731571 0.1148448
v -0.2801215 0.2746289 0.1148448
v -0.2801215 0.2725309 0.1177798
v -0.2801215 0.2670383 0.1195937
v -0.2801215 0.2602491 0.1195937
v -0.2801215 0.2547565 0.1177798
v -0.2801215 0.2526586 0.1148448
v -0.2801215 0.2547565 0.1119098
v -0.2801215 0.2602491 0.1100959
v -0.2801215 0.2670383 0.1100959
v -0.2801215 0.2725309 0.1119098
v -0.2801215 0.2746289 0.1148448
v -0.2851147 0.2731571 0.1148448
v -0.2851147 0.2713402 0.1173866
v -0.2851147 0.2665835 0.1189574
v -0.2851147 0.2607039 0.1189574
v -0.2851147 0.2559472 0.1173866
v -0.2851147 0.2541303 0.1148448
v -0.2851147 0.2559472 0.1123031
v -0.2851147 0.2607039 0.1107322
v -0.2851147 0.2665835 0.1107322
v -0.2851147 0.2713402 0.1123031
v -0.2851147 0.2731571 0.1148448
v -0.2887700 0.2691363 0.1148448
v -0.2887700 0.2680873 0.1163123
v -0.2887700 0.2653410 0.1172192
v -0.2887700 0.2619464 0.1172192
v -0.2887700 0.2592001 0.1163123
v -0.2887700 0.2581511 0.1148448
v -0.2887700 0.2592001 0.1133773
v -0.2887700 0.2619464 0.1124704
v -0.2887700 0.2653410 0.1124704
v -0.2887700 0.2680873 0.1133773
v -0.2887700 0.2691363 0.1148448
v -0.2901080 0.2636437 0.1148448
v -0.2901080 0.2636437 0.1148448
v -0.2901080 0.2636437 0.1148448
v -0.2901080 0.2636437 0.1148448
v -0.2901080 0.2636437 0.1148448
v -0.2901080 0.2636437 0.1148448
v -0.2901080 0.2636437 0.1148448
v -0.2901080 0.2636437 0.1148448
v -0.2901080 0.2636437 0.1148448
v -0.2901080 0.2636437 0.1148448
v -0.2901080 0.2636437 0.1148448
v -0.1393117 0.2107152 0.1128475
v 0.0424426 0.1577868 0.1398111
v -0.0594197 0.2466667 0.1198381
v -0.1393117 0.2107152 0.1268286
v 0.0424426 0.1577868 0.1537922
v -0.0594197 0.2466667 0.1338192
v -0.0544265 0.0449393 0.0439406
v 0.0324561 0.0000000 0.0669096
v 0.0134818 0.0689069 0.0539271
v -0.0544265 0.0449393 0.0559244
v 0.0324561 0.0000000 0.0788934
v 0.0134818 0.0689069 0.0659109
v 0.1293252 0.2975978 -0.0049933
v 0.1582861 0.3345479 -0.0049933
v 0.1682726 0.2856140 -0.0049933
v 0.1293252 0.2975978 0.0049933
v 0.1582861 0.3345479 0.0049933
v 0.1682726 0.2856140 0.0049933
v 0.1612821 0.2796221 -0.0049933
v 0.1902429 0.3165722 -0.0049933
v 0.2002294 0.2676383 -0.0049933
v 0.1612821 0.2796221 0.0049933
v 0.1902429 0.3165722 0.0049933
v 0.2002294 0.2676383 0.0049933
v 0.1932389 0.2616464 -0.0049933
v 0.2221997 0.2985965 -0.0049933
v 0.2321862 0.2496626 -0.0049933
v 0.1932389 0.2616464 0.0049933
v 0.2221997 0.2985965 0.0049933
v 0.2321862 0.2496626 0.0049933
v -0.3560189 0.1767611 0.0000000
v -0.3560189 0.1767611 0.0000000
v -0.3560189 0.1767611 0.0000000
v -0.3560189 0.1767611 0.0000000
v -0.3560189 0.1767611 0.0000000
v -0.3560189 0.1767611 0.0000000
v -0.3560189 0.1767611 0.0000000
v -0.3560189 0.1767611 0.0000000
v -0.3560189 0.1767611 0.0000000
v -0.3560189 0.1767611 0.0000000
v -0.3560189 0.1767611 0.0000000
v -0.3560189 0.1767611 0.0000000
v -0.3560189 0.1767611 0.0000000
v -0.3569554 0.1797571 0.0000000
v -0.3569554 0.1793557 0.0104858
v -0.3569554 0.1782591 0.0181620
v -0.3569554 0.1767611 0.0209717
v -0.3569554 0.1752632 0.0181620
v -0.3569554 0.1741666 0.0104858
v -0.3569554 0.1737652 0.0000000
v -0.3569554 0.1741666 -0.0104858
v -0.3569554 0.1752632 -0.0181620
v -0.3569554 0.1767611 -0.0209717
v -0.3569554 0.1782591 -0.0181620
v -0.3569554 0.1793557 -0.0104858
v -0.3569554 0.1797571 -0.0000000
v -0.3595142 0.1819503 0.0000000
v -0.3595142 0.1812551 0.0181620
v -0.3595142 0.1793557 0.0314575
v -0.3595142 0.1767611 0.0363240
v -0.3595142 0.1741666 0.0314575
v -0.3595142 0.1722672 0.0181620
v -0.3595142 0.1715720 0.0000000
v -0.3595142 0.1722672 -0.0181620
v -0.3595142 0.1741666 -0.0314575
v -0.3595142 0.1767611 -0.0363240
v -0.3595142 0.1793557 -0.0314575
v -0.3595142 0.1812551 -0.0181620
v -0.3595142 0.1819503 -0.0000000
v -0.3630094 0.1827530 0.0000000
v -0.3630094 0.1819503 0.0209717
v -0.3630094 0.1797571 0.0363240
v -0.3630094 0.1767611 0.0419433
v -0.3630094 0.1737652 0.0363240
v -0.3630094 0.1715720 0.0209717
v -0.3630094 0.1707692 0.0000000
v -0.3630094 0.1715720 -0.0209717
v -0.3630094 0.1737652 -0.0363240
v -0.3630094 0.1767611 -0.0419433
v -0.3630094 0.1797571 -0.0363240
v -0.3630094 0.1819503 -0.0209717
v -0.3630094 0.1827530 -0.0000000
v -0.3665047 0.1819503 0.0000000
v -0.3665047 0.1812551 0.0181620
v -0.3665047 0.1793557 0.0314575
v -0.3665047 0.1767611 0.0363240
v -0.3665047 0.1741666 0.0314575
v -0.3665047 0.1722672 0.0181620
v -0.3665047 0.1715720 0.0000000
v -0.3665047 0.1722672 -0.0181620
v -0.3665047 0.1741666 -0.0314575
v -0.3665047 0.1767611 -0.0363240
v -0.3665047 0.1793557 -0.0314575
v -0.3665047 0.1812551 -0.0181620
v -0.3665047 0.1819503 -0.0000000
v -0.3690634 0.1797571 0.0000000
v -0.3690634 0.1793557 0.0104858
v -0.3690634 0.1782591 0.0181620
v -0.3690634 0.1767611 0.0209717
v -0.3690634 0.1752632 0.0181620
v -0.3690634 0.1741666 0.0104858
v -0.3690634 0.1737652 0.0000000
v -0.3690634 0.1741666 -0.0104858
v -0.3690634 0.1752632 -0.0181620
v -0.3690634 0.1767611 -0.0209717
v -0.3690634 0.1782591 -0.0181620
v -0.3690634 0.1793557 -0.0104858
v -0.3690634 0.1797571 -0.0000000
v -0.3700000 0.1767611 0.0000000
v -0.3700000 0.1767611 0.0000000
v -0.3700000 0.1767611 0.0000000
v -0.3700000 0.1767611 0.0000000
v -0.3700000 0.1767611 0.0000000
v -0.3700000 0.1767611 0.0000000
v -0.3700000 0.1767611 0.0000000
v -0.3700000 0.1767611 -0.0000000
v -0.3700000 0.1767611 -0.0000000
v -0.3700000 0.1767611 -0.0000000
v -0.3700000 0.1767611 -0.0000000
v -0.3700000 0.1767611 -0.0000000
v -0.3700000 0.1767611 -0.0000000
vt 0.000000 0.000000
vt 0.041667 0.000000
vt 0.083333 0.000000
vt 0.125000 0.000000
vt 0.166667 0.000000
vt 0.208333 0.000000
vt 0.250000 0.000000
vt 0.291667 0.000000
vt 0.333333 0.000000
vt 0.375000 0.000000
vt 0.416667 0.000000
vt 0.458333 0.000000
vt 0.500000 0.000000
vt 0.541667 0.000000
vt 0.583333 0.000000
vt 0.625000 0.000000
vt 0.666667 0.000000
vt 0.708333 0.000000
vt 0.750000 0.000000
vt 0.791667 0.000000
vt 0.833333 0.000000
vt 0.875000 0.000000
vt 0.916667 0.000000
vt 0.958333 0.000000
vt 1.000000 0.000000
vt 0.000000 0.062500
vt 0.041667 0.062500
vt 0.083333 0.062500
vt 0.125000 0.062500
vt 0.166667 0.062500
vt 0.208333 0.062500
vt 0.250000 0.062500
vt 0.291667 0.062500
vt 0.333333 0.062500
vt 0.375000 0.062500
vt 0.416667 0.062500
vt 0.458333 0.062500
vt 0.500000 0.062500
vt 0.541667 0.062500
vt 0.583333 0.062500
vt 0.625000 0.062500
vt 0.666667 0.062500
vt 0.708333 0.062500
vt 0.750000 0.062500
vt 0.791667 0.062500
vt 0.833333 0.062500
vt 0.875000 0.062500
vt 0.916667 0.062500
vt 0.958333 0.062500
vt 1.000000 0.062500
vt 0.000000 0.125000
vt 0.041667 0.125000
vt 0.083333 0.125000
vt 0.125000 0.125000
vt 0.166667 0.125000
vt 0.208333 0.125000
vt 0.250000 0.125000
vt 0.291667 0.125000
vt 0.333333 0.125000
vt 0.375000 0.125000
vt 0.416667 0.125000
vt 0.458333 0.125000
vt 0.500000 0.125000
vt 0.541667 0.125000
vt 0.583333 0.125000
vt 0.625000 0.125000
vt 0.666667 0.125000
vt 0.708333 0.125000
vt 0.750000 0.125000
vt 0.791667 0.125000
vt 0.833333 0.125000
vt 0.875000 0.125000
vt 0.916667 0.125000
vt 0.958333 0.125000
vt 1.000000 0.125000
vt 0.000000 0.187500
vt 0.041667 0.187500
vt 0.083333 0.187500
vt 0.125000 0.187500
vt 0.166667 0.187500
vt 0.208333 0.187500
vt 0.250000 0.187500
vt 0.291667 0.187500
vt 0.333333 0.187500
vt 0.375000 0.187500
vt 0.416667 0.187500
vt 0.458333 0.187500
vt 0.500000 0.187500
vt 0.541667 0.187500
vt 0.583333 0.187500
vt 0.625000 0.187500
vt 0.666667 0.187500
vt 0.708333 0.187500
vt 0.750000 0.187500
vt 0.791667 0.187500
vt 0.833333 0.187500
vt 0.875000 0.187500
vt 0.916667 0.187500
vt 0.958333 0.187500
vt 1.000000 0.187500
vt 0.000000 0.250000
vt 0.041667 0.250000
vt 0.083333 0.250000
vt 0.125000 0.250000
vt 0.166667 0.250000
vt 0.208333 0.250000
vt 0.250000 0.250000
vt 0.291667 0.250000
vt 0.333333 0.250000
vt 0.375000 0.250000
vt 0.416667 0.250000
vt 0.458333 0.250000
vt 0.500000 0.250000
vt 0.541667 0.250000
vt 0.583333 0.250000
vt 0.625000 0.250000
vt 0.666667 0.250000
vt 0.708333 0.250000
vt 0.750000 0.250000
vt 0.791667 0.250000
vt 0.833333 0.250000
vt 0.875000 0.250000
vt 0.916667 0.250000
vt 0.958333 0.250000
vt 1.000000 0.250000
vt 0.000000 0.312500
vt 0.041667 0.312500
vt 0.083333 0.312500
vt 0.125000 0.312500
vt 0.166667 0.312500
vt 0.208333 0.312500
vt 0.250000 0.312500
vt 0.291667 0.312500
vt 0.333333 0.312500
vt 0.375000 0.312500
vt 0.416667 0.312500
vt 0.458333 0.312500
vt 0.500000 0.312500
vt 0.541667 0.312500
vt 0.583333 0.312500
vt 0.625000 0.312500
vt 0.666667 0.312500
vt 0.708333 0.312500
vt 0.750000 0.312500
vt 0.791667 0.312500
vt 0.833333 0.312500
vt 0.875000 0.312500
vt 0.916667 0.312500
vt 0.958333 0.312500
vt 1.000000 0.312500
vt 0.000000 0.375000
vt 0.041667 0.375000
vt 0.083333 0.375000
vt 0.125000 0.375000
vt 0.166667 0.375000
vt 0.208333 0.375000
vt 0.250000 0.375000
vt 0.291667 0.375000
vt 0.333333 0.375000
vt 0.375000 0.375000
vt 0.416667 0.375000
vt 0.458333 0.375000
vt 0.500000 0.375000
vt 0.541667 0.375000
vt 0.583333 0.375000
vt 0.625000 0.375000
vt 0.666667 0.375000
vt 0.708333 0.375000
vt 0.750000 0.375000
vt 0.791667 0.375000
vt 0.833333 0.375000
vt 0.875000 0.375000
vt 0.916667 0.375000
vt 0.958333 0.375000
vt 1.000000 0.375000
vt 0.000000 0.437500
vt 0.041667 0.437500
vt 0.083333 0.437500
vt 0.125000 0.437500
vt 0.166667 0.437500
vt 0.208333 0.437500
vt 0.250000 0.437500
vt 0.291667 0.437500
vt 0.333333 0.437500
vt 0.375000 0.437500
vt 0.416667 0.437500
vt 0.458333 0.437500
vt 0.500000 0.437500
vt 0.541667 0.437500
vt 0.583333 0.437500
vt 0.625000 0.437500
vt 0.666667 0.437500
vt 0.708333 0.437500
vt 0.750000 0.437500
vt 0.791667 0.437500
vt 0.833333 0.437500
vt 0.875000 0.437500
vt 0.916667 0.437500
vt 0.958333 0.437500
vt 1.000000 0.437500
vt 0.000000 0.500000
vt 0.041667 0.500000
vt 0.083333 0.500000
vt 0.125000 0.500000
vt 0.166667 0.500000
vt 0.208333 0.500000
vt 0.250000 0.500000
vt 0.291667 0.500000
vt 0.333333 0.500000
vt 0.375000 0.500000
vt 0.416667 0.500000
vt 0.458333 0.500000
vt 0.500000 0.500000
vt 0.541667 0.500000
vt 0.583333 0.500000
vt 0.625000 0.500000
vt 0.666667 0.500000
vt 0.708333 0.500000
vt 0.750000 0.500000
vt 0.791667 0.500000
vt 0.833333 0.500000
vt 0.875000 0.500000
vt 0.916667 0.500000
vt 0.958333 0.500000
vt 1.000000 0.500000
vt 0.000000 0.562500
vt 0.041667 0.562500
vt 0.083333 0.562500
vt 0.125000 0.562500
vt 0.166667 0.562500
vt 0.208333 0.562500
vt 0.250000 0.562500
vt 0.291667 0.562500
vt 0.333333 0.562500
vt 0.375000 0.562500
vt 0.416667 0.562500
vt 0.458333 0.562500
vt 0.500000 0.562500
vt 0.541667 0.562500
vt 0.583333 0.562500
vt 0.625000 0.562500
vt 0.666667 0.562500
vt 0.708333 0.562500
vt 0.750000 0.562500
vt 0.791667 0.562500
vt 0.833333 0.562500
vt 0.875000 0.562500
vt 0.916667 0.562500
vt 0.958333 0.562500
vt 1.000000 0.562500
vt 0.000000 0.625000
vt 0.041667 0.625000
vt 0.083333 0.625000
vt 0.125000 0.625000
vt 0.166667 0.625000
vt 0.208333 0.625000
vt 0.250000 0.625000
vt 0.291667 0.625000
vt 0.333333 0.625000
vt 0.375000 0.625000
vt 0.416667 0.625000
vt 0.458333 0.625000
vt 0.500000 0.625000
vt 0.541667 0.625000
vt 0.583333 0.625000
vt 0.625000 0.625000
vt 0.666667 0.625000
vt 0.708333 0.625000
vt 0.750000 0.625000
vt 0.791667 0.625000
vt 0.833333 0.625000
vt 0.875000 0.625000
vt 0.916667 0.625000
vt 0.958333 0.625000
vt 1.000000 0.625000
vt 0.000000 0.687500
vt 0.041667 0.687500
vt 0.083333 0.687500
vt 0.125000 0.687500
vt 0.166667 0.687500
vt 0.208333 0.687500
vt 0.250000 0.687500
vt 0.291667 0.687500
vt 0.333333 0.687500
vt 0.375000 0.687500
vt 0.416667 0.687500
vt 0.458333 0.687500
vt 0.500000 0.687500
vt 0.541667 0.687500
vt 0.583333 0.687500
vt 0.625000 0.687500
vt 0.666667 0.687500
vt 0.708333 0.687500
vt 0.750000 0.687500
vt 0.791667 0.687500
vt 0.833333 0.687500
vt 0.875000 0.687500
vt 0.916667 0.687500
vt 0.958333 0.687500
vt 1.000000 0.687500
vt 0.000000 0.750000
vt 0.041667 0.750000
vt 0.083333 0.750000
vt 0.125000 0.750000
vt 0.166667 0.750000
vt 0.208333 0.750000
vt 0.250000 0.750000
vt 0.291667 0.750000
vt 0.333333 0.750000
vt 0.375000 0.750000
vt 0.416667 0.750000
vt 0.458333 0.750000
vt 0.500000 0.750000
vt 0.541667 0.750000
vt 0.583333 0.750000
vt 0.625000 0.750000
vt 0.666667 0.750000
vt 0.708333 0.750000
vt 0.750000 0.750000
vt 0.791667 0.750000
vt 0.833333 0.750000
vt 0.875000 0.750000
vt 0.916667 0.750000
vt 0.958333 0.750000
vt 1.000000 0.750000
vt 0.000000 0.812500
vt 0.041667 0.812500
vt 0.083333 0.812500
vt 0.125000 0.812500
vt 0.166667 0.812500
vt 0.208333 0.812500
vt 0.250000 0.812500
vt 0.291667 0.812500
vt 0.333333 0.812500
vt 0.375000 0.812500
vt 0.416667 0.812500
vt 0.458333 0.812500
vt 0.500000 0.812500
vt 0.541667 0.812500
vt 0.583333 0.812500
vt 0.625000 0.812500
vt 0.666667 0.812500
vt 0.708333 0.812500
vt 0.750000 0.812500
vt 0.791667 0.812500
vt 0.833333 0.812500
vt 0.875000 0.812500
vt 0.916667 0.812500
vt 0.958333 0.812500
vt 1.000000 0.812500
vt 0.000000 0.875000
vt 0.041667 0.875000
vt 0.083333 0.875000
vt 0.125000 0.875000
vt 0.166667 0.875000
vt 0.208333 0.875000
vt 0.250000 0.875000
vt 0.291667 0.875000
vt 0.333333 0.875000
vt 0.375000 0.875000
vt 0.416667 0.875000
vt 0.458333 0.875000
vt 0.500000 0.875000
vt 0.541667 0.875000
vt 0.583333 0.875000
vt 0.625000 0.875000
vt 0.666667 0.875000
vt 0.708333 0.875000
vt 0.750000 0.875000
vt 0.791667 0.875000
vt 0.833333 0.875000
vt 0.875000 0.875000
vt 0.916667 0.875000
vt 0.958333 0.875000
vt 1.000000 0.875000
vt 0.000000 0.937500
vt 0.041667 0.937500
vt 0.083333 0.937500
vt 0.125000 0.937500
vt 0.166667 0.937500
vt 0.208333 0.937500
vt 0.250000 0.937500
vt 0.291667 0.937500
vt 0.333333 0.937500
vt 0.375000 0.937500
vt 0.416667 0.937500
vt 0.458333 0.937500
vt 0.500000 0.937500
vt 0.541667 0.937500
vt 0.583333 0.937500
vt 0.625000 0.937500
vt 0.666667 0.937500
vt 0.708333 0.937500
vt 0.750000 0.937500
vt 0.791667 0.937500
vt 0.833333 0.937500
vt 0.875000 0.937500
vt 0.916667 0.937500
vt 0.958333 0.937500
vt 1.000000 0.937500
vt 0.000000 1.000000
vt 0.041667 1.000000
vt 0.083333 1.000000
vt 0.125000 1.000000
vt 0.166667 1.000000
vt 0.208333 1.000000
vt 0.250000 1.000000
vt 0.291667 1.000000
vt 0.333333 1.000000
vt 0.375000 1.000000
vt 0.416667 1.000000
vt 0.458333 1.000000
vt 0.500000 1.000000
vt 0.541667 1.000000
vt 0.583333 1.000000
vt 0.625000 1.000000
vt 0.666667 1.000000
vt 0.708333 1.000000
vt 0.750000 1.000000
vt 0.791667 1.000000
vt 0.833333 1.000000
vt 0.875000 1.000000
vt 0.916667 1.000000
vt 0.958333 1.000000
vt 1.000000 1.000000
vt 0.000000 0.000000
vt 0.083333 0.000000
vt 0.166667 0.000000
vt 0.250000 0.000000
vt 0.333333 0.000000
vt 0.416667 0.000000
vt 0.500000 0.000000
vt 0.583333 0.000000
vt 0.666667 0.000000
vt 0.750000 0.000000
vt 0.833333 0.000000
vt 0.916667 0.000000
vt 1.000000 0.000000
vt 0.000000 0.125000
vt 0.083333 0.125000
vt 0.166667 0.125000
vt 0.250000 0.125000
vt 0.333333 0.125000
vt 0.416667 0.125000
vt 0.500000 0.125000
vt 0.583333 0.125000
vt 0.666667 0.125000
vt 0.750000 0.125000
vt 0.833333 0.125000
vt 0.916667 0.125000
vt 1.000000 0.125000
vt 0.000000 0.250000
vt 0.083333 0.250000
vt 0.166667 0.250000
vt 0.250000 0.250000
vt 0.333333 0.250000
vt 0.416667 0.250000
vt 0.500000 0.250000
vt 0.583333 0.250000
vt 0.666667 0.250000
vt 0.750000 0.250000
vt 0.833333 0.250000
vt 0.916667 0.250000
vt 1.000000 0.250000
vt 0.000000 0.375000
vt 0.083333 0.375000
vt 0.166667 0.375000
vt 0.250000 0.375000
vt 0.333333 0.375000
vt 0.416667 0.375000
vt 0.500000 0.375000
vt 0.583333 0.375000
vt 0.666667 0.375000
vt 0.750000 0.375000
vt 0.833333 0.375000
vt 0.916667 0.375000
vt 1.000000 0.375000
vt 0.000000 0.500000
vt 0.083333 0.500000
vt 0.166667 0.500000
vt 0.250000 0.500000
vt 0.333333 0.500000
vt 0.416667 0.500000
vt 0.500000 0.500000
vt 0.583333 0.500000
vt 0.666667 0.500000
vt 0.750000 0.500000
vt 0.833333 0.500000
vt 0.916667 0.500000
vt 1.000000 0.500000
vt 0.000000 0.625000
vt 0.083333 0.625000
vt 0.166667 0.625000
vt 0.250000 0.625000
vt 0.333333 0.625000
vt 0.416667 0.625000
vt 0.500000 0.625000
vt 0.583333 0.625000
vt 0.666667 0.625000
vt 0.750000 0.625000
vt 0.833333 0.625000
vt 0.916667 0.625000
vt 1.000000 0.625000
vt 0.000000 0.750000
vt 0.083333 0.750000
vt 0.166667 0.750000
vt 0.250000 0.750000
vt 0.333333 0.750000
vt 0.416667 0.750000
vt 0.500000 0.750000
vt 0.583333 0.750000
vt 0.666667 0.750000
vt 0.750000 0.750000
vt 0.833333 0.750000
vt 0.916667 0.750000
vt 1.000000 0.750000
vt 0.000000 0.875000
vt 0.083333 0.875000
vt 0.166667 0.875000
vt 0.250000 0.875000
vt 0.333333 0.875000
vt 0.416667 0.875000
vt 0.500000 0.875000
vt 0.583333 0.875000
vt 0.666667 0.875000
vt 0.750000 0.875000
vt 0.833333 0.875000
vt 0.916667 0.875000
vt 1.000000 0.875000
vt 0.000000 1.000000
vt 0.083333 1.000000
vt 0.166667 1.000000
vt 0.250000 1.000000
vt 0.333333 1.000000
vt 0.416667 1.000000
vt 0.500000 1.000000
vt 0.583333 1.000000
vt 0.666667 1.000000
vt 0.750000 1.000000
vt 0.833333 1.000000
vt 0.916667 1.000000
vt 1.000000 1.000000
vt 0.782000 0.235000
vt 0.905000 0.405000
vt 0.874000 0.295000
vt 0.782000 0.235000
vt 0.905000 0.405000
vt 0.874000 0.295000
vt 0.782000 0.235000
vt 0.874000 0.295000
vt 0.869000 0.235000
vt 0.782000 0.235000
vt 0.874000 0.295000
vt 0.869000 0.235000
vt 0.782000 0.235000
vt 0.869000 0.235000
vt 0.874000 0.175000
vt 0.782000 0.235000
vt 0.869000 0.235000
vt 0.874000 0.175000
vt 0.782000 0.235000
vt 0.874000 0.175000
vt 0.905000 0.065000
vt 0.782000 0.235000
vt 0.874000 0.175000
vt 0.905000 0.065000
vt 0.430000 0.400000
vt 0.555000 0.525000
vt 0.575000 0.395000
vt 0.430000 0.400000
vt 0.555000 0.525000
vt 0.575000 0.395000
vt 0.610000 0.370000
vt 0.665000 0.425000
vt 0.684000 0.340000
vt 0.610000 0.370000
vt 0.665000 0.425000
vt 0.684000 0.340000
vt 0.000000 0.000000
vt 0.062500 0.000000
vt 0.125000 0.000000
vt 0.187500 0.000000
vt 0.250000 0.000000
vt 0.312500 0.000000
vt 0.375000 0.000000
vt 0.437500 0.000000
vt 0.500000 0.000000
vt 0.562500 0.000000
vt 0.625000 0.000000
vt 0.687500 0.000000
vt 0.750000 0.000000
vt 0.812500 0.000000
vt 0.875000 0.000000
vt 0.937500 0.000000
vt 1.000000 0.000000
vt 0.000000 0.100000
vt 0.062500 0.100000
vt 0.125000 0.100000
vt 0.187500 0.100000
vt 0.250000 0.100000
vt 0.312500 0.100000
vt 0.375000 0.100000
vt 0.437500 0.100000
vt 0.500000 0.100000
vt 0.562500 0.100000
vt 0.625000 0.100000
vt 0.687500 0.100000
vt 0.750000 0.100000
vt 0.812500 0.100000
vt 0.875000 0.100000
vt 0.937500 0.100000
vt 1.000000 0.100000
vt 0.000000 0.200000
vt 0.062500 0.200000
vt 0.125000 0.200000
vt 0.187500 0.200000
vt 0.250000 0.200000
vt 0.312500 0.200000
vt 0.375000 0.200000
vt 0.437500 0.200000
vt 0.500000 0.200000
vt 0.562500 0.200000
vt 0.625000 0.200000
vt 0.687500 0.200000
vt 0.750000 0.200000
vt 0.812500 0.200000
vt 0.875000 0.200000
vt 0.937500 0.200000
vt 1.000000 0.200000
vt 0.000000 0.300000
vt 0.062500 0.300000
vt 0.125000 0.300000
vt 0.187500 0.300000
vt 0.250000 0.300000
vt 0.312500 0.300000
vt 0.375000 0.300000
vt 0.437500 0.300000
vt 0.500000 0.300000
vt 0.562500 0.300000
vt 0.625000 0.300000
vt 0.687500 0.300000
vt 0.750000 0.300000
vt 0.812500 0.300000
vt 0.875000 0.300000
vt 0.937500 0.300000
vt 1.000000 0.300000
vt 0.000000 0.400000
vt 0.062500 0.400000
vt 0.125000 0.400000
vt 0.187500 0.400000
vt 0.250000 0.400000
vt 0.312500 0.400000
vt 0.375000 0.400000
vt 0.437500 0.400000
vt 0.500000 0.400000
vt 0.562500 0.400000
vt 0.625000 0.400000
vt 0.687500 0.400000
vt 0.750000 0.400000
vt 0.812500 0.400000
vt 0.875000 0.400000
vt 0.937500 0.400000
vt 1.000000 0.400000
vt 0.000000 0.500000
vt 0.062500 0.500000
vt 0.125000 0.500000
vt 0.187500 0.500000
vt 0.250000 0.500000
vt 0.312500 0.500000
vt 0.375000 0.500000
vt 0.437500 0.500000
vt 0.500000 0.500000
vt 0.562500 0.500000
vt 0.625000 0.500000
vt 0.687500 0.500000
vt 0.750000 0.500000
vt 0.812500 0.500000
vt 0.875000 0.500000
vt 0.937500 0.500000
vt 1.000000 0.500000
vt 0.000000 0.600000
vt 0.062500 0.600000
vt 0.125000 0.600000
vt 0.187500 0.600000
vt 0.250000 0.600000
vt 0.312500 0.600000
vt 0.375000 0.600000
vt 0.437500 0.600000
vt 0.500000 0.600000
vt 0.562500 0.600000
vt 0.625000 0.600000
vt 0.687500 0.600000
vt 0.750000 0.600000
vt 0.812500 0.600000
vt 0.875000 0.600000
vt 0.937500 0.600000
vt 1.000000 0.600000
vt 0.000000 0.700000
vt 0.062500 0.700000
vt 0.125000 0.700000
vt 0.187500 0.700000
vt 0.250000 0.700000
vt 0.312500 0.700000
vt 0.375000 0.700000
vt 0.437500 0.700000
vt 0.500000 0.700000
vt 0.562500 0.700000
vt 0.625000 0.700000
vt 0.687500 0.700000
vt 0.750000 0.700000
vt 0.812500 0.700000
vt 0.875000 0.700000
vt 0.937500 0.700000
vt 1.000000 0.700000
vt 0.000000 0.800000
vt 0.062500 0.800000
vt 0.125000 0.800000
vt 0.187500 0.800000
vt 0.250000 0.800000
vt 0.312500 0.800000
vt 0.375000 0.800000
vt 0.437500 0.800000
vt 0.500000 0.800000
vt 0.562500 0.800000
vt 0.625000 0.800000
vt 0.687500 0.800000
vt 0.750000 0.800000
vt 0.812500 0.800000
vt 0.875000 0.800000
vt 0.937500 0.800000
vt 1.000000 0.800000
vt 0.000000 0.900000
vt 0.062500 0.900000
vt 0.125000 0.900000
vt 0.187500 0.900000
vt 0.250000 0.900000
vt 0.312500 0.900000
vt 0.375000 0.900000
vt 0.437500 0.900000
vt 0.500000 0.900000
vt 0.562500 0.900000
vt 0.625000 0.900000
vt 0.687500 0.900000
vt 0.750000 0.900000
vt 0.812500 0.900000
vt 0.875000 0.900000
vt 0.937500 0.900000
vt 1.000000 0.900000
vt 0.000000 1.000000
vt 0.062500 1.000000
vt 0.125000 1.000000
vt 0.187500 1.000000
vt 0.250000 1.000000
vt 0.312500 1.000000
vt 0.375000 1.000000
vt 0.437500 1.000000
vt 0.500000 1.000000
vt 0.562500 1.000000
vt 0.625000 1.000000
vt 0.687500 1.000000
vt 0.750000 1.000000
vt 0.812500 1.000000
vt 0.875000 1.000000
vt 0.937500 1.000000
vt 1.000000 1.000000
vt 0.000000 0.000000
vt 0.062500 0.000000
vt 0.125000 0.000000
vt 0.187500 0.000000
vt 0.250000 0.000000
vt 0.312500 0.000000
vt 0.375000 0.000000
vt 0.437500 0.000000
vt 0.500000 0.000000
vt 0.562500 0.000000
vt 0.625000 0.000000
vt 0.687500 0.000000
vt 0.750000 0.000000
vt 0.812500 0.000000
vt 0.875000 0.000000
vt 0.937500 0.000000
vt 1.000000 0.000000
vt 0.000000 0.100000
vt 0.062500 0.100000
vt 0.125000 0.100000
vt 0.187500 0.100000
vt 0.250000 0.100000
vt 0.312500 0.100000
vt 0.375000 0.100000
vt 0.437500 0.100000
vt 0.500000 0.100000
vt 0.562500 0.100000
vt 0.625000 0.100000
vt 0.687500 0.100000
vt 0.750000 0.100000
vt 0.812500 0.100000
vt 0.875000 0.100000
vt 0.937500 0.100000
vt 1.000000 0.100000
vt 0.000000 0.200000
vt 0.062500 0.200000
vt 0.125000 0.200000
vt 0.187500 0.200000
vt 0.250000 0.200000
vt 0.312500 0.200000
vt 0.375000 0.200000
vt 0.437500 0.200000
vt 0.500000 0.200000
vt 0.562500 0.200000
vt 0.625000 0.200000
vt 0.687500 0.200000
vt 0.750000 0.200000
vt 0.812500 0.200000
vt 0.875000 0.200000
vt 0.937500 0.200000
vt 1.000000 0.200000
vt 0.000000 0.300000
vt 0.062500 0.300000
vt 0.125000 0.300000
vt 0.187500 0.300000
vt 0.250000 0.300000
vt 0.312500 0.300000
vt 0.375000 0.300000
vt 0.437500 0.300000
vt 0.500000 0.300000
vt 0.562500 0.300000
vt 0.625000 0.300000
vt 0.687500 0.300000
vt 0.750000 0.300000
vt 0.812500 0.300000
vt 0.875000 0.300000
vt 0.937500 0.300000
vt 1.000000 0.300000
vt 0.000000 0.400000
vt 0.062500 0.400000
vt 0.125000 0.400000
vt 0.187500 0.400000
vt 0.250000 0.400000
vt 0.312500 0.400000
vt 0.375000 0.400000
vt 0.437500 0.400000
vt 0.500000 0.400000
vt 0.562500 0.400000
vt 0.625000 0.400000
vt 0.687500 0.400000
vt 0.750000 0.400000
vt 0.812500 0.400000
vt 0.875000 0.400000
vt 0.937500 0.400000
vt 1.000000 0.400000
vt 0.000000 0.500000
vt 0.062500 0.500000
vt 0.125000 0.500000
vt 0.187500 0.500000
vt 0.250000 0.500000
vt 0.312500 0.500000
vt 0.375000 0.500000
vt 0.437500 0.500000
vt 0.500000 0.500000
vt 0.562500 0.500000
vt 0.625000 0.500000
vt 0.687500 0.500000
vt 0.750000 0.500000
vt 0.812500 0.500000
vt 0.875000 0.500000
vt 0.937500 0.500000
vt 1.000000 0.500000
vt 0.000000 0.600000
vt 0.062500 0.600000
vt 0.125000 0.600000
vt 0.187500 0.600000
vt 0.250000 0.600000
vt 0.312500 0.600000
vt 0.375000 0.600000
vt 0.437500 0.600000
vt 0.500000 0.600000
vt 0.562500 0.600000
vt 0.625000 0.600000
vt 0.687500 0.600000
vt 0.750000 0.600000
vt 0.812500 0.600000
vt 0.875000 0.600000
vt 0.937500 0.600000
vt 1.000000 0.600000
vt 0.000000 0.700000
vt 0.062500 0.700000
vt 0.125000 0.700000
vt 0.187500 0.700000
vt 0.250000 0.700000
vt 0.312500 0.700000
vt 0.375000 0.700000
vt 0.437500 0.700000
vt 0.500000 0.700000
vt 0.562500 0.700000
vt 0.625000 0.700000
vt 0.687500 0.700000
vt 0.750000 0.700000
vt 0.812500 0.700000
vt 0.875000 0.700000
vt 0.937500 0.700000
vt 1.000000 0.700000
vt 0.000000 0.800000
vt 0.062500 0.800000
vt 0.125000 0.800000
vt 0.187500 0.800000
vt 0.250000 0.800000
vt 0.312500 0.800000
vt 0.375000 0.800000
vt 0.437500 0.800000
vt 0.500000 0.800000
vt 0.562500 0.800000
vt 0.625000 0.800000
vt 0.687500 0.800000
vt 0.750000 0.800000
vt 0.812500 0.800000
vt 0.875000 0.800000
vt 0.937500 0.800000
vt 1.000000 0.800000
vt 0.000000 0.900000
vt 0.062500 0.900000
vt 0.125000 0.900000
vt 0.187500 0.900000
vt 0.250000 0.900000
vt 0.312500 0.900000
vt 0.375000 0.900000
vt 0.437500 0.900000
vt 0.500000 0.900000
vt 0.562500 0.900000
vt 0.625000 0.900000
vt 0.687500 0.900000
vt 0.750000 0.900000
vt 0.812500 0.900000
vt 0.875000 0.900000
vt 0.937500 0.900000
vt 1.000000 0.900000
vt 0.000000 1.000000
vt 0.062500 1.000000
vt 0.125000 1.000000
vt 0.187500 1.000000
vt 0.250000 1.000000
vt 0.312500 1.000000
vt 0.375000 1.000000
vt 0.437500 1.000000
vt 0.500000 1.000000
vt 0.562500 1.000000
vt 0.625000 1.000000
vt 0.687500 1.000000
vt 0.750000 1.000000
vt 0.812500 1.000000
vt 0.875000 1.000000
vt 0.937500 1.000000
vt 1.000000 1.000000
vt 0.000000 0.000000
vt 0.100000 0.000000
vt 0.200000 0.000000
vt 0.300000 0.000000
vt 0.400000 0.000000
vt 0.500000 0.000000
vt 0.600000 0.000000
vt 0.700000 0.000000
vt 0.800000 0.000000
vt 0.900000 0.000000
vt 1.000000 0.000000
vt 0.000000 0.166667
vt 0.100000 0.166667
vt 0.200000 0.166667
vt 0.300000 0.166667
vt 0.400000 0.166667
vt 0.500000 0.166667
vt 0.600000 0.166667
vt 0.700000 0.166667
vt 0.800000 0.166667
vt 0.900000 0.166667
vt 1.000000 0.166667
vt 0.000000 0.333333
vt 0.100000 0.333333
vt 0.200000 0.333333
vt 0.300000 0.333333
vt 0.400000 0.333333
vt 0.500000 0.333333
vt 0.600000 0.333333
vt 0.700000 0.333333
vt 0.800000 0.333333
vt 0.900000 0.333333
vt 1.000000 0.333333
vt 0.000000 0.500000
vt 0.100000 0.500000
vt 0.200000 0.500000
vt 0.300000 0.500000
vt 0.400000 0.500000
vt 0.500000 0.500000
vt 0.600000 0.500000
vt 0.700000 0.500000
vt 0.800000 0.500000
vt 0.900000 0.500000
vt 1.000000 0.500000
vt 0.000000 0.666667
vt 0.100000 0.666667
vt 0.200000 0.666667
vt 0.300000 0.666667
vt 0.400000 0.666667
vt 0.500000 0.666667
vt 0.600000 0.666667
vt 0.700000 0.666667
vt 0.800000 0.666667
vt 0.900000 0.666667
vt 1.000000 0.666667
vt 0.000000 0.833333
vt 0.100000 0.833333
vt 0.200000 0.833333
vt 0.300000 0.833333
vt 0.400000 0.833333
vt 0.500000 0.833333
vt 0.600000 0.833333
vt 0.700000 0.833333
vt 0.800000 0.833333
vt 0.900000 0.833333
vt 1.000000 0.833333
vt 0.000000 1.000000
vt 0.100000 1.000000
vt 0.200000 1.000000
vt 0.300000 1.000000
vt 0.400000 1.000000
vt 0.500000 1.000000
vt 0.600000 1.000000
vt 0.700000 1.000000
vt 0.800000 1.000000
vt 0.900000 1.000000
vt 1.000000 1.000000
vt 0.395000 0.238000
vt 0.577000 0.185000
vt 0.475000 0.274000
vt 0.395000 0.238000
vt 0.577000 0.185000
vt 0.475000 0.274000
vt 0.480000 0.072000
vt 0.567000 0.027000
vt 0.548000 0.096000
vt 0.480000 0.072000
vt 0.567000 0.027000
vt 0.548000 0.096000
vt 0.000000 0.000000
vt 0.062500 0.000000
vt 0.125000 0.000000
vt 0.187500 0.000000
vt 0.250000 0.000000
vt 0.312500 0.000000
vt 0.375000 0.000000
vt 0.437500 0.000000
vt 0.500000 0.000000
vt 0.562500 0.000000
vt 0.625000 0.000000
vt 0.687500 0.000000
vt 0.750000 0.000000
vt 0.812500 0.000000
vt 0.875000 0.000000
vt 0.937500 0.000000
vt 1.000000 0.000000
vt 0.000000 0.100000
vt 0.062500 0.100000
vt 0.125000 0.100000
vt 0.187500 0.100000
vt 0.250000 0.100000
vt 0.312500 0.100000
vt 0.375000 0.100000
vt 0.437500 0.100000
vt 0.500000 0.100000
vt 0.562500 0.100000
vt 0.625000 0.100000
vt 0.687500 0.100000
vt 0.750000 0.100000
vt 0.812500 0.100000
vt 0.875000 0.100000
vt 0.937500 0.100000
vt 1.000000 0.100000
vt 0.000000 0.200000
vt 0.062500 0.200000
vt 0.125000 0.200000
vt 0.187500 0.200000
vt 0.250000 0.200000
vt 0.312500 0.200000
vt 0.375000 0.200000
vt 0.437500 0.200000
vt 0.500000 0.200000
vt 0.562500 0.200000
vt 0.625000 0.200000
vt 0.687500 0.200000
vt 0.750000 0.200000
vt 0.812500 0.200000
vt 0.875000 0.200000
vt 0.937500 0.200000
vt 1.000000 0.200000
vt 0.000000 0.300000
vt 0.062500 0.300000
vt 0.125000 0.300000
vt 0.187500 0.300000
vt 0.250000 0.300000
vt 0.312500 0.300000
vt 0.375000 0.300000
vt 0.437500 0.300000
vt 0.500000 0.300000
vt 0.562500 0.300000
vt 0.625000 0.300000
vt 0.687500 0.300000
vt 0.750000 0.300000
vt 0.812500 0.300000
vt 0.875000 0.300000
vt 0.937500 0.300000
vt 1.000000 0.300000
vt 0.000000 0.400000
vt 0.062500 0.400000
vt 0.125000 0.400000
vt 0.187500 0.400000
vt 0.250000 0.400000
vt 0.312500 0.400000
vt 0.375000 0.400000
vt 0.437500 0.400000
vt 0.500000 0.400000
vt 0.562500 0.400000
vt 0.625000 0.400000
vt 0.687500 0.400000
vt 0.750000 0.400000
vt 0.812500 0.400000
vt 0.875000 0.400000
vt 0.937500 0.400000
vt 1.000000 0.400000
vt 0.000000 0.500000
vt 0.062500 0.500000
vt 0.125000 0.500000
vt 0.187500 0.500000
vt 0.250000 0.500000
vt 0.312500 0.500000
vt 0.375000 0.500000
vt 0.437500 0.500000
vt 0.500000 0.500000
vt 0.562500 0.500000
vt 0.625000 0.500000
vt 0.687500 0.500000
vt 0.750000 0.500000
vt 0.812500 0.500000
vt 0.875000 0.500000
vt 0.937500 0.500000
vt 1.000000 0.500000
vt 0.000000 0.600000
vt 0.062500 0.600000
vt 0.125000 0.600000
vt 0.187500 0.600000
vt 0.250000 0.600000
vt 0.312500 0.600000
vt 0.375000 0.600000
vt 0.437500 0.600000
vt 0.500000 0.600000
vt 0.562500 0.600000
vt 0.625000 0.600000
vt 0.687500 0.600000
vt 0.750000 0.600000
vt 0.812500 0.600000
vt 0.875000 0.600000
vt 0.937500 0.600000
vt 1.000000 0.600000
vt 0.000000 0.700000
vt 0.062500 0.700000
vt 0.125000 0.700000
vt 0.187500 0.700000
vt 0.250000 0.700000
vt 0.312500 0.700000
vt 0.375000 0.700000
vt 0.437500 0.700000
vt 0.500000 0.700000
vt 0.562500 0.700000
vt 0.625000 0.700000
vt 0.687500 0.700000
vt 0.750000 0.700000
vt 0.812500 0.700000
vt 0.875000 0.700000
vt 0.937500 0.700000
vt 1.000000 0.700000
vt 0.000000 0.800000
vt 0.062500 0.800000
vt 0.125000 0.800000
vt 0.187500 0.800000
vt 0.250000 0.800000
vt 0.312500 0.800000
vt 0.375000 0.800000
vt 0.437500 0.800000
vt 0.500000 0.800000
vt 0.562500 0.800000
vt 0.625000 0.800000
vt 0.687500 0.800000
vt 0.750000 0.800000
vt 0.812500 0.800000
vt 0.875000 0.800000
vt 0.937500 0.800000
vt 1.000000 0.800000
vt 0.000000 0.900000
vt 0.062500 0.900000
vt 0.125000 0.900000
vt 0.187500 0.900000
vt 0.250000 0.900000
vt 0.312500 0.900000
vt 0.375000 0.900000
vt 0.437500 0.900000
vt 0.500000 0.900000
vt 0.562500 0.900000
vt 0.625000 0.900000
vt 0.687500 0.900000
vt 0.750000 0.900000
vt 0.812500 0.900000
vt 0.875000 0.900000
vt 0.937500 0.900000
vt 1.000000 0.900000
vt 0.000000 1.000000
vt 0.062500 1.000000
vt 0.125000 1.000000
vt 0.187500 1.000000
vt 0.250000 1.000000
vt 0.312500 1.000000
vt 0.375000 1.000000
vt 0.437500 1.000000
vt 0.500000 1.000000
vt 0.562500 1.000000
vt 0.625000 1.000000
vt 0.687500 1.000000
vt 0.750000 1.000000
vt 0.812500 1.000000
vt 0.875000 1.000000
vt 0.937500 1.000000
vt 1.000000 1.000000
vt 0.000000 0.000000
vt 0.062500 0.000000
vt 0.125000 0.000000
vt 0.187500 0.000000
vt 0.250000 0.000000
vt 0.312500 0.000000
vt 0.375000 0.000000
vt 0.437500 0.000000
vt 0.500000 0.000000
vt 0.562500 0.000000
vt 0.625000 0.000000
vt 0.687500 0.000000
vt 0.750000 0.000000
vt 0.812500 0.000000
vt 0.875000 0.000000
vt 0.937500 0.000000
vt 1.000000 0.000000
vt 0.000000 0.100000
vt 0.062500 0.100000
vt 0.125000 0.100000
vt 0.187500 0.100000
vt 0.250000 0.100000
vt 0.312500 0.100000
vt 0.375000 0.100000
vt 0.437500 0.100000
vt 0.500000 0.100000
vt 0.562500 0.100000
vt 0.625000 0.100000
vt 0.687500 0.100000
vt 0.750000 0.100000
vt 0.812500 0.100000
vt 0.875000 0.100000
vt 0.937500 0.100000
vt 1.000000 0.100000
vt 0.000000 0.200000
vt 0.062500 0.200000
vt 0.125000 0.200000
vt 0.187500 0.200000
vt 0.250000 0.200000
vt 0.312500 0.200000
vt 0.375000 0.200000
vt 0.437500 0.200000
vt 0.500000 0.200000
vt 0.562500 0.200000
vt 0.625000 0.200000
vt 0.687500 0.200000
vt 0.750000 0.200000
vt 0.812500 0.200000
vt 0.875000 0.200000
vt 0.937500 0.200000
vt 1.000000 0.200000
vt 0.000000 0.300000
vt 0.062500 0.300000
vt 0.125000 0.300000
vt 0.187500 0.300000
vt 0.250000 0.300000
vt 0.312500 0.300000
vt 0.375000 0.300000
vt 0.437500 0.300000
vt 0.500000 0.300000
vt 0.562500 0.300000
vt 0.625000 0.300000
vt 0.687500 0.300000
vt 0.750000 0.300000
vt 0.812500 0.300000
vt 0.875000 0.300000
vt 0.937500 0.300000
vt 1.000000 0.300000
vt 0.000000 0.400000
vt 0.062500 0.400000
vt 0.125000 0.400000
vt 0.187500 0.400000
vt 0.250000 0.400000
vt 0.312500 0.400000
vt 0.375000 0.400000
vt 0.437500 0.400000
vt 0.500000 0.400000
vt 0.562500 0.400000
vt 0.625000 0.400000
vt 0.687500 0.400000
vt 0.750000 0.400000
vt 0.812500 0.400000
vt 0.875000 0.400000
vt 0.937500 0.400000
vt 1.000000 0.400000
vt 0.000000 0.500000
vt 0.062500 0.500000
vt 0.125000 0.500000
vt 0.187500 0.500000
vt 0.250000 0.500000
vt 0.312500 0.500000
vt 0.375000 0.500000
vt 0.437500 0.500000
vt 0.500000 0.500000
vt 0.562500 0.500000
vt 0.625000 0.500000
vt 0.687500 0.500000
vt 0.750000 0.500000
vt 0.812500 0.500000
vt 0.875000 0.500000
vt 0.937500 0.500000
vt 1.000000 0.500000
vt 0.000000 0.600000
vt 0.062500 0.600000
vt 0.125000 0.600000
vt 0.187500 0.600000
vt 0.250000 0.600000
vt 0.312500 0.600000
vt 0.375000 0.600000
vt 0.437500 0.600000
vt 0.500000 0.600000
vt 0.562500 0.600000
vt 0.625000 0.600000
vt 0.687500 0.600000
vt 0.750000 0.600000
vt 0.812500 0.600000
vt 0.875000 0.600000
vt 0.937500 0.600000
vt 1.000000 0.600000
vt 0.000000 0.700000
vt 0.062500 0.700000
vt 0.125000 0.700000
vt 0.187500 0.700000
vt 0.250000 0.700000
vt 0.312500 0.700000
vt 0.375000 0.700000
vt 0.437500 0.700000
vt 0.500000 0.700000
vt 0.562500 0.700000
vt 0.625000 0.700000
vt 0.687500 0.700000
vt 0.750000 0.700000
vt 0.812500 0.700000
vt 0.875000 0.700000
vt 0.937500 0.700000
vt 1.000000 0.700000
vt 0.000000 0.800000
vt 0.062500 0.800000
vt 0.125000 0.800000
vt 0.187500 0.800000
vt 0.250000 0.800000
vt 0.312500 0.800000
vt 0.375000 0.800000
vt 0.437500 0.800000
vt 0.500000 0.800000
vt 0.562500 0.800000
vt 0.625000 0.800000
vt 0.687500 0.800000
vt 0.750000 0.800000
vt 0.812500 0.800000
vt 0.875000 0.800000
vt 0.937500 0.800000
vt 1.000000 0.800000
vt 0.000000 0.900000
vt 0.062500 0.900000
vt 0.125000 0.900000
vt 0.187500 0.900000
vt 0.250000 0.900000
vt 0.312500 0.900000
vt 0.375000 0.900000
vt 0.437500 0.900000
vt 0.500000 0.900000
vt 0.562500 0.900000
vt 0.625000 0.900000
vt 0.687500 0.900000
vt 0.750000 0.900000
vt 0.812500 0.900000
vt 0.875000 0.900000
vt 0.937500 0.900000
vt 1.000000 0.900000
vt 0.000000 1.000000
vt 0.062500 1.000000
vt 0.125000 1.000000
vt 0.187500 1.000000
vt 0.250000 1.000000
vt 0.312500 1.000000
vt 0.375000 1.000000
vt 0.437500 1.000000
vt 0.500000 1.000000
vt 0.562500 1.000000
vt 0.625000 1.000000
vt 0.687500 1.000000
vt 0.750000 1.000000
vt 0.812500 1.000000
vt 0.875000 1.000000
vt 0.937500 1.000000
vt 1.000000 1.000000
vt 0.000000 0.000000
vt 0.100000 0.000000
vt 0.200000 0.000000
vt 0.300000 0.000000
vt 0.400000 0.000000
vt 0.500000 0.000000
vt 0.600000 0.000000
vt 0.700000 0.000000
vt 0.800000 0.000000
vt 0.900000 0.000000
vt 1.000000 0.000000
vt 0.000000 0.166667
vt 0.100000 0.166667
vt 0.200000 0.166667
vt 0.300000 0.166667
vt 0.400000 0.166667
vt 0.500000 0.166667
vt 0.600000 0.166667
vt 0.700000 0.166667
vt 0.800000 0.166667
vt 0.900000 0.166667
vt 1.000000 0.166667
vt 0.000000 0.333333
vt 0.100000 0.333333
vt 0.200000 0.333333
vt 0.300000 0.333333
vt 0.400000 0.333333
vt 0.500000 0.333333
vt 0.600000 0.333333
vt 0.700000 0.333333
vt 0.800000 0.333333
vt 0.900000 0.333333
vt 1.000000 0.333333
vt 0.000000 0.500000
vt 0.100000 0.500000
vt 0.200000 0.500000
vt 0.300000 0.500000
vt 0.400000 0.500000
vt 0.500000 0.500000
vt 0.600000 0.500000
vt 0.700000 0.500000
vt 0.800000 0.500000
vt 0.900000 0.500000
vt 1.000000 0.500000
vt 0.000000 0.666667
vt 0.100000 0.666667
vt 0.200000 0.666667
vt 0.300000 0.666667
vt 0.400000 0.666667
vt 0.500000 0.666667
vt 0.600000 0.666667
vt 0.700000 0.666667
vt 0.800000 0.666667
vt 0.900000 0.666667
vt 1.000000 0.666667
vt 0.000000 0.833333
vt 0.100000 0.833333
vt 0.200000 0.833333
vt 0.300000 0.833333
vt 0.400000 0.833333
vt 0.500000 0.833333
vt 0.600000 0.833333
vt 0.700000 0.833333
vt 0.800000 0.833333
vt 0.900000 0.833333
vt 1.000000 0.833333
vt 0.000000 1.000000
vt 0.100000 1.000000
vt 0.200000 1.000000
vt 0.300000 1.000000
vt 0.400000 1.000000
vt 0.500000 1.000000
vt 0.600000 1.000000
vt 0.700000 1.000000
vt 0.800000 1.000000
vt 0.900000 1.000000
vt 1.000000 1.000000
vt 0.395000 0.238000
vt 0.577000 0.185000
vt 0.475000 0.274000
vt 0.395000 0.238000
vt 0.577000 0.185000
vt 0.475000 0.274000
vt 0.480000 0.072000
vt 0.567000 0.027000
vt 0.548000 0.096000
vt 0.480000 0.072000
vt 0.567000 0.027000
vt 0.548000 0.096000
vt 0.664000 0.325000
vt 0.693000 0.362000
vt 0.703000 0.313000
vt 0.664000 0.325000
vt 0.693000 0.362000
vt 0.703000 0.313000
vt 0.696000 0.307000
vt 0.725000 0.344000
vt 0.735000 0.295000
vt 0.696000 0.307000
vt 0.725000 0.344000
vt 0.735000 0.295000
vt 0.728000 0.289000
vt 0.757000 0.326000
vt 0.767000 0.277000
vt 0.728000 0.289000
vt 0.757000 0.326000
vt 0.767000 0.277000
vt 0.000000 0.000000
vt 0.083333 0.000000
vt 0.166667 0.000000
vt 0.250000 0.000000
vt 0.333333 0.000000
vt 0.416667 0.000000
vt 0.500000 0.000000
vt 0.583333 0.000000
vt 0.666667 0.000000
vt 0.750000 0.000000
vt 0.833333 0.000000
vt 0.916667 0.000000
vt 1.000000 0.000000
vt 0.000000 0.166667
vt 0.083333 0.166667
vt 0.166667 0.166667
vt 0.250000 0.166667
vt 0.333333 0.166667
vt 0.416667 0.166667
vt 0.500000 0.166667
vt 0.583333 0.166667
vt 0.666667 0.166667
vt 0.750000 0.166667
vt 0.833333 0.166667
vt 0.916667 0.166667
vt 1.000000 0.166667
vt 0.000000 0.333333
vt 0.083333 0.333333
vt 0.166667 0.333333
vt 0.250000 0.333333
vt 0.333333 0.333333
vt 0.416667 0.333333
vt 0.500000 0.333333
vt 0.583333 0.333333
vt 0.666667 0.333333
vt 0.750000 0.333333
vt 0.833333 0.333333
vt 0.916667 0.333333
vt 1.000000 0.333333
vt 0.000000 0.500000
vt 0.083333 0.500000
vt 0.166667 0.500000
vt 0.250000 0.500000
vt 0.333333 0.500000
vt 0.416667 0.500000
vt 0.500000 0.500000
vt 0.583333 0.500000
vt 0.666667 0.500000
vt 0.750000 0.500000
vt 0.833333 0.500000
vt 0.916667 0.500000
vt 1.000000 0.500000
vt 0.000000 0.666667
vt 0.083333 0.666667
vt 0.166667 0.666667
vt 0.250000 0.666667
vt 0.333333 0.666667
vt 0.416667 0.666667
vt 0.500000 0.666667
vt 0.583333 0.666667
vt 0.666667 0.666667
vt 0.750000 0.666667
vt 0.833333 0.666667
vt 0.916667 0.666667
vt 1.000000 0.666667
vt 0.000000 0.833333
vt 0.083333 0.833333
vt 0.166667 0.833333
vt 0.250000 0.833333
vt 0.333333 0.833333
vt 0.416667 0.833333
vt 0.500000 0.833333
vt 0.583333 0.833333
vt 0.666667 0.833333
vt 0.750000 0.833333
vt 0.833333 0.833333
vt 0.916667 0.833333
vt 1.000000 0.833333
vt 0.000000 1.000000
vt 0.083333 1.000000
vt 0.166667 1.000000
vt 0.250000 1.000000
vt 0.333333 1.000000
vt 0.416667 1.000000
vt 0.500000 1.000000
vt 0.583333 1.000000
vt 0.666667 1.000000
vt 0.750000 1.000000
vt 0.833333 1.000000
vt 0.916667 1.000000
vt 1.000000 1.000000
usemtl Navy
s off
f 2/2 26/26 27/27
f 3/3 27/27 28/28
f 4/4 28/28 29/29
f 5/5 29/29 30/30
usemtl Blue
s off
f 6/6 30/30 31/31
f 7/7 31/31 32/32
usemtl Silver
s off
f 8/8 32/32 33/33
f 9/9 33/33 34/34
usemtl Cream
s off
f 10/10 34/34 35/35
f 11/11 35/35 36/36
f 12/12 36/36 37/37
f 13/13 37/37 38/38
f 14/14 38/38 39/39
f 15/15 39/39 40/40
f 16/16 40/40 41/41
f 17/17 41/41 42/42
usemtl Silver
s off
f 18/18 42/42 43/43
f 19/19 43/43 44/44
usemtl Blue
s off
f 20/20 44/44 45/45
f 21/21 45/45 46/46
usemtl Navy
s off
f 22/22 46/46 47/47
f 23/23 47/47 48/48
f 24/24 48/48 49/49
f 25/25 49/49 50/50
f 26/26 51/51 27/27
f 27/27 51/51 52/52
f 27/27 52/52 28/28
f 28/28 52/52 53/53
f 28/28 53/53 29/29
f 29/29 53/53 54/54
f 29/29 54/54 30/30
f 30/30 54/54 55/55
usemtl Blue
s off
f 30/30 55/55 31/31
f 31/31 55/55 56/56
f 31/31 56/56 32/32
f 32/32 56/56 57/57
usemtl Silver
s off
f 32/32 57/57 33/33
f 33/33 57/57 58/58
f 33/33 58/58 34/34
f 34/34 58/58 59/59
usemtl Cream
s off
f 34/34 59/59 35/35
f 35/35 59/59 60/60
f 35/35 60/60 36/36
f 36/36 60/60 61/61
f 36/36 61/61 37/37
f 37/37 61/61 62/62
f 37/37 62/62 38/38
f 38/38 62/62 63/63
f 38/38 63/63 39/39
f 39/39 63/63 64/64
f 39/39 64/64 40/40
f 40/40 64/64 65/65
f 40/40 65/65 41/41
f 41/41 65/65 66/66
f 41/41 66/66 42/42
f 42/42 66/66 67/67
usemtl Silver
s off
f 42/42 67/67 43/43
f 43/43 67/67 68/68
f 43/43 68/68 44/44
f 44/44 68/68 69/69
usemtl Blue
s off
f 44/44 69/69 45/45
f 45/45 69/69 70/70
f 45/45 70/70 46/46
f 46/46 70/70 71/71
usemtl Navy
s off
f 46/46 71/71 47/47
f 47/47 71/71 72/72
f 47/47 72/72 48/48
f 48/48 72/72 73/73
f 48/48 73/73 49/49
f 49/49 73/73 74/74
f 49/49 74/74 50/50
f 50/50 74/74 75/75
f 51/51 76/76 52/52
f 52/52 76/76 77/77
f 52/52 77/77 53/53
f 53/53 77/77 78/78
f 53/53 78/78 54/54
f 54/54 78/78 79/79
f 54/54 79/79 55/55
f 55/55 79/79 80/80
usemtl Blue
s off
f 55/55 80/80 56/56
f 56/56 80/80 81/81
f 56/56 81/81 57/57
f 57/57 81/81 82/82
usemtl Silver
s off
f 57/57 82/82 58/58
f 58/58 82/82 83/83
f 58/58 83/83 59/59
f 59/59 83/83 84/84
usemtl Cream
s off
f 59/59 84/84 60/60
f 60/60 84/84 85/85
f 60/60 85/85 61/61
f 61/61 85/85 86/86
f 61/61 86/86 62/62
f 62/62 86/86 87/87
f 62/62 87/87 63/63
f 63/63 87/87 88/88
f 63/63 88/88 64/64
f 64/64 88/88 89/89
f 64/64 89/89 65/65
f 65/65 89/89 90/90
f 65/65 90/90 66/66
f 66/66 90/90 91/91
f 66/66 91/91 67/67
f 67/67 91/91 92/92
usemtl Silver
s off
f 67/67 92/92 68/68
f 68/68 92/92 93/93
f 68/68 93/93 69/69
f 69/69 93/93 94/94
usemtl Blue
s off
f 69/69 94/94 70/70
f 70/70 94/94 95/95
f 70/70 95/95 71/71
f 71/71 95/95 96/96
usemtl Navy
s off
f 71/71 96/96 72/72
f 72/72 96/96 97/97
f 72/72 97/97 73/73
f 73/73 97/97 98/98
f 73/73 98/98 74/74
f 74/74 98/98 99/99
f 74/74 99/99 75/75
f 75/75 99/99 100/100
f 76/76 101/101 77/77
f 77/77 101/101 102/102
f 77/77 102/102 78/78
f 78/78 102/102 103/103
f 78/78 103/103 79/79
f 79/79 103/103 104/104
f 79/79 104/104 80/80
f 80/80 104/104 105/105
usemtl Blue
s off
f 80/80 105/105 81/81
f 81/81 105/105 106/106
f 81/81 106/106 82/82
f 82/82 106/106 107/107
usemtl Silver
s off
f 82/82 107/107 83/83
f 83/83 107/107 108/108
f 83/83 108/108 84/84
f 84/84 108/108 109/109
usemtl Cream
s off
f 84/84 109/109 85/85
f 85/85 109/109 110/110
f 85/85 110/110 86/86
f 86/86 110/110 111/111
f 86/86 111/111 87/87
f 87/87 111/111 112/112
f 87/87 112/112 88/88
f 88/88 112/112 113/113
f 88/88 113/113 89/89
f 89/89 113/113 114/114
f 89/89 114/114 90/90
f 90/90 114/114 115/115
f 90/90 115/115 91/91
f 91/91 115/115 116/116
f 91/91 116/116 92/92
f 92/92 116/116 117/117
usemtl Silver
s off
f 92/92 117/117 93/93
f 93/93 117/117 118/118
f 93/93 118/118 94/94
f 94/94 118/118 119/119
usemtl Blue
s off
f 94/94 119/119 95/95
f 95/95 119/119 120/120
f 95/95 120/120 96/96
f 96/96 120/120 121/121
usemtl Navy
s off
f 96/96 121/121 97/97
f 97/97 121/121 122/122
f 97/97 122/122 98/98
f 98/98 122/122 123/123
f 98/98 123/123 99/99
f 99/99 123/123 124/124
f 99/99 124/124 100/100
f 100/100 124/124 125/125
f 101/101 126/126 102/102
f 102/102 126/126 127/127
f 102/102 127/127 103/103
f 103/103 127/127 128/128
f 103/103 128/128 104/104
f 104/104 128/128 129/129
f 104/104 129/129 105/105
f 105/105 129/129 130/130
usemtl Blue
s off
f 105/105 130/130 106/106
f 106/106 130/130 131/131
f 106/106 131/131 107/107
f 107/107 131/131 132/132
usemtl Silver
s off
f 107/107 132/132 108/108
f 108/108 132/132 133/133
f 108/108 133/133 109/109
f 109/109 133/133 134/134
usemtl Cream
s off
f 109/109 134/134 110/110
f 110/110 134/134 135/135
f 110/110 135/135 111/111
f 111/111 135/135 136/136
f 111/111 136/136 112/112
f 112/112 136/136 137/137
f 112/112 137/137 113/113
f 113/113 137/137 138/138
f 113/113 138/138 114/114
f 114/114 138/138 139/139
f 114/114 139/139 115/115
f 115/115 139/139 140/140
f 115/115 140/140 116/116
f 116/116 140/140 141/141
f 116/116 141/141 117/117
f 117/117 141/141 142/142
usemtl Silver
s off
f 117/117 142/142 118/118
f 118/118 142/142 143/143
f 118/118 143/143 119/119
f 119/119 143/143 144/144
usemtl Blue
s off
f 119/119 144/144 120/120
f 120/120 144/144 145/145
f 120/120 145/145 121/121
f 121/121 145/145 146/146
usemtl Navy
s off
f 121/121 146/146 122/122
f 122/122 146/146 147/147
f 122/122 147/147 123/123
f 123/123 147/147 148/148
f 123/123 148/148 124/124
f 124/124 148/148 149/149
f 124/124 149/149 125/125
f 125/125 149/149 150/150
f 126/126 151/151 127/127
f 127/127 151/151 152/152
f 127/127 152/152 128/128
f 128/128 152/152 153/153
f 128/128 153/153 129/129
f 129/129 153/153 154/154
f 129/129 154/154 130/130
f 130/130 154/154 155/155
usemtl Blue
s off
f 130/130 155/155 131/131
f 131/131 155/155 156/156
f 131/131 156/156 132/132
f 132/132 156/156 157/157
usemtl Silver
s off
f 132/132 157/157 133/133
f 133/133 157/157 158/158
f 133/133 158/158 134/134
f 134/134 158/158 159/159
usemtl Cream
s off
f 134/134 159/159 135/135
f 135/135 159/159 160/160
f 135/135 160/160 136/136
f 136/136 160/160 161/161
f 136/136 161/161 137/137
f 137/137 161/161 162/162
f 137/137 162/162 138/138
f 138/138 162/162 163/163
f 138/138 163/163 139/139
f 139/139 163/163 164/164
f 139/139 164/164 140/140
f 140/140 164/164 165/165
f 140/140 165/165 141/141
f 141/141 165/165 166/166
f 141/141 166/166 142/142
f 142/142 166/166 167/167
usemtl Silver
s off
f 142/142 167/167 143/143
f 143/143 167/167 168/168
f 143/143 168/168 144/144
f 144/144 168/168 169/169
usemtl Blue
s off
f 144/144 169/169 145/145
f 145/145 169/169 170/170
f 145/145 170/170 146/146
f 146/146 170/170 171/171
usemtl Navy
s off
f 146/146 171/171 147/147
f 147/147 171/171 172/172
f 147/147 172/172 148/148
f 148/148 172/172 173/173
f 148/148 173/173 149/149
f 149/149 173/173 174/174
f 149/149 174/174 150/150
f 150/150 174/174 175/175
f 151/151 176/176 152/152
f 152/152 176/176 177/177
f 152/152 177/177 153/153
f 153/153 177/177 178/178
f 153/153 178/178 154/154
f 154/154 178/178 179/179
f 154/154 179/179 155/155
f 155/155 179/179 180/180
usemtl Blue
s off
f 155/155 180/180 156/156
f 156/156 180/180 181/181
f 156/156 181/181 157/157
f 157/157 181/181 182/182
usemtl Silver
s off
f 157/157 182/182 158/158
f 158/158 182/182 183/183
f 158/158 183/183 159/159
f 159/159 183/183 184/184
usemtl Cream
s off
f 159/159 184/184 160/160
f 160/160 184/184 185/185
f 160/160 185/185 161/161
f 161/161 185/185 186/186
f 161/161 186/186 162/162
f 162/162 186/186 187/187
f 162/162 187/187 163/163
f 163/163 187/187 188/188
f 163/163 188/188 164/164
f 164/164 188/188 189/189
f 164/164 189/189 165/165
f 165/165 189/189 190/190
f 165/165 190/190 166/166
f 166/166 190/190 191/191
f 166/166 191/191 167/167
f 167/167 191/191 192/192
usemtl Silver
s off
f 167/167 192/192 168/168
f 168/168 192/192 193/193
f 168/168 193/193 169/169
f 169/169 193/193 194/194
usemtl Blue
s off
f 169/169 194/194 170/170
f 170/170 194/194 195/195
f 170/170 195/195 171/171
f 171/171 195/195 196/196
usemtl Navy
s off
f 171/171 196/196 172/172
f 172/172 196/196 197/197
f 172/172 197/197 173/173
f 173/173 197/197 198/198
f 173/173 198/198 174/174
f 174/174 198/198 199/199
f 174/174 199/199 175/175
f 175/175 199/199 200/200
f 176/176 201/201 177/177
f 177/177 201/201 202/202
f 177/177 202/202 178/178
f 178/178 202/202 203/203
f 178/178 203/203 179/179
f 179/179 203/203 204/204
f 179/179 204/204 180/180
f 180/180 204/204 205/205
usemtl Blue
s off
f 180/180 205/205 181/181
f 181/181 205/205 206/206
f 181/181 206/206 182/182
f 182/182 206/206 207/207
usemtl Silver
s off
f 182/182 207/207 183/183
f 183/183 207/207 208/208
f 183/183 208/208 184/184
f 184/184 208/208 209/209
usemtl Cream
s off
f 184/184 209/209 185/185
f 185/185 209/209 210/210
f 185/185 210/210 186/186
f 186/186 210/210 211/211
f 186/186 211/211 187/187
f 187/187 211/211 212/212
f 187/187 212/212 188/188
f 188/188 212/212 213/213
f 188/188 213/213 189/189
f 189/189 213/213 214/214
f 189/189 214/214 190/190
f 190/190 214/214 215/215
f 190/190 215/215 191/191
f 191/191 215/215 216/216
f 191/191 216/216 192/192
f 192/192 216/216 217/217
usemtl Silver
s off
f 192/192 217/217 193/193
f 193/193 217/217 218/218
f 193/193 218/218 194/194
f 194/194 218/218 219/219
usemtl Blue
s off
f 194/194 219/219 195/195
f 195/195 219/219 220/220
f 195/195 220/220 196/196
f 196/196 220/220 221/221
usemtl Navy
s off
f 196/196 221/221 197/197
f 197/197 221/221 222/222
f 197/197 222/222 198/198
f 198/198 222/222 223/223
f 198/198 223/223 199/199
f 199/199 223/223 224/224
f 199/199 224/224 200/200
f 200/200 224/224 225/225
f 201/201 226/226 202/202
f 202/202 226/226 227/227
f 202/202 227/227 203/203
f 203/203 227/227 228/228
f 203/203 228/228 204/204
f 204/204 228/228 229/229
f 204/204 229/229 205/205
f 205/205 229/229 230/230
usemtl Blue
s off
f 205/205 230/230 206/206
f 206/206 230/230 231/231
f 206/206 231/231 207/207
f 207/207 231/231 232/232
usemtl Silver
s off
f 207/207 232/232 208/208
f 208/208 232/232 233/233
f 208/208 233/233 209/209
f 209/209 233/233 234/234
usemtl Cream
s off
f 209/209 234/234 210/210
f 210/210 234/234 235/235
f 210/210 235/235 211/211
f 211/211 235/235 236/236
f 211/211 236/236 212/212
f 212/212 236/236 237/237
f 212/212 237/237 213/213
f 213/213 237/237 238/238
f 213/213 238/238 214/214
f 214/214 238/238 239/239
f 214/214 239/239 215/215
f 215/215 239/239 240/240
f 215/215 240/240 216/216
f 216/216 240/240 241/241
f 216/216 241/241 217/217
f 217/217 241/241 242/242
usemtl Silver
s off
f 217/217 242/242 218/218
f 218/218 242/242 243/243
f 218/218 243/243 219/219
f 219/219 243/243 244/244
usemtl Blue
s off
f 219/219 244/244 220/220
f 220/220 244/244 245/245
f 220/220 245/245 221/221
f 221/221 245/245 246/246
usemtl Navy
s off
f 221/221 246/246 222/222
f 222/222 246/246 247/247
f 222/222 247/247 223/223
f 223/223 247/247 248/248
f 223/223 248/248 224/224
f 224/224 248/248 249/249
f 224/224 249/249 225/225
f 225/225 249/249 250/250
f 226/226 251/251 227/227
f 227/227 251/251 252/252
f 227/227 252/252 228/228
f 228/228 252/252 253/253
f 228/228 253/253 229/229
f 229/229 253/253 254/254
f 229/229 254/254 230/230
f 230/230 254/254 255/255
usemtl Blue
s off
f 230/230 255/255 231/231
f 231/231 255/255 256/256
f 231/231 256/256 232/232
f 232/232 256/256 257/257
usemtl Silver
s off
f 232/232 257/257 233/233
f 233/233 257/257 258/258
f 233/233 258/258 234/234
f 234/234 258/258 259/259
usemtl Cream
s off
f 234/234 259/259 235/235
f 235/235 259/259 260/260
f 235/235 260/260 236/236
f 236/236 260/260 261/261
f 236/236 261/261 237/237
f 237/237 261/261 262/262
f 237/237 262/262 238/238
f 238/238 262/262 263/263
f 238/238 263/263 239/239
f 239/239 263/263 264/264
f 239/239 264/264 240/240
f 240/240 264/264 265/265
f 240/240 265/265 241/241
f 241/241 265/265 266/266
f 241/241 266/266 242/242
f 242/242 266/266 267/267
usemtl Silver
s off
f 242/242 267/267 243/243
f 243/243 267/267 268/268
f 243/243 268/268 244/244
f 244/244 268/268 269/269
usemtl Blue
s off
f 244/244 269/269 245/245
f 245/245 269/269 270/270
f 245/245 270/270 246/246
f 246/246 270/270 271/271
usemtl Navy
s off
f 246/246 271/271 247/247
f 247/247 271/271 272/272
f 247/247 272/272 248/248
f 248/248 272/272 273/273
f 248/248 273/273 249/249
f 249/249 273/273 274/274
f 249/249 274/274 250/250
f 250/250 274/274 275/275
f 251/251 276/276 252/252
f 252/252 276/276 277/277
f 252/252 277/277 253/253
f 253/253 277/277 278/278
f 253/253 278/278 254/254
f 254/254 278/278 279/279
f 254/254 279/279 255/255
f 255/255 279/279 280/280
usemtl Blue
s off
f 255/255 280/280 256/256
f 256/256 280/280 281/281
f 256/256 281/281 257/257
f 257/257 281/281 282/282
usemtl Silver
s off
f 257/257 282/282 258/258
f 258/258 282/282 283/283
f 258/258 283/283 259/259
f 259/259 283/283 284/284
usemtl Cream
s off
f 259/259 284/284 260/260
f 260/260 284/284 285/285
f 260/260 285/285 261/261
f 261/261 285/285 286/286
f 261/261 286/286 262/262
f 262/262 286/286 287/287
f 262/262 287/287 263/263
f 263/263 287/287 288/288
f 263/263 288/288 264/264
f 264/264 288/288 289/289
f 264/264 289/289 265/265
f 265/265 289/289 290/290
f 265/265 290/290 266/266
f 266/266 290/290 291/291
f 266/266 291/291 267/267
f 267/267 291/291 292/292
usemtl Silver
s off
f 267/267 292/292 268/268
f 268/268 292/292 293/293
f 268/268 293/293 269/269
f 269/269 293/293 294/294
usemtl Blue
s off
f 269/269 294/294 270/270
f 270/270 294/294 295/295
f 270/270 295/295 271/271
f 271/271 295/295 296/296
usemtl Navy
s off
f 271/271 296/296 272/272
f 272/272 296/296 297/297
f 272/272 297/297 273/273
f 273/273 297/297 298/298
f 273/273 298/298 274/274
f 274/274 298/298 299/299
f 274/274 299/299 275/275
f 275/275 299/299 300/300
f 276/276 301/301 277/277
f 277/277 301/301 302/302
f 277/277 302/302 278/278
f 278/278 302/302 303/303
f 278/278 303/303 279/279
f 279/279 303/303 304/304
f 279/279 304/304 280/280
f 280/280 304/304 305/305
usemtl Blue
s off
f 280/280 305/305 281/281
f 281/281 305/305 306/306
f 281/281 306/306 282/282
f 282/282 306/306 307/307
usemtl Silver
s off
f 282/282 307/307 283/283
f 283/283 307/307 308/308
f 283/283 308/308 284/284
f 284/284 308/308 309/309
usemtl Cream
s off
f 284/284 309/309 285/285
f 285/285 309/309 310/310
f 285/285 310/310 286/286
f 286/286 310/310 311/311
f 286/286 311/311 287/287
f 287/287 311/311 312/312
f 287/287 312/312 288/288
f 288/288 312/312 313/313
f 288/288 313/313 289/289
f 289/289 313/313 314/314
f 289/289 314/314 290/290
f 290/290 314/314 315/315
f 290/290 315/315 291/291
f 291/291 315/315 316/316
f 291/291 316/316 292/292
f 292/292 316/316 317/317
usemtl Silver
s off
f 292/292 317/317 293/293
f 293/293 317/317 318/318
f 293/293 318/318 294/294
f 294/294 318/318 319/319
usemtl Blue
s off
f 294/294 319/319 295/295
f 295/295 319/319 320/320
f 295/295 320/320 296/296
f 296/296 320/320 321/321
usemtl Navy
s off
f 296/296 321/321 297/297
f 297/297 321/321 322/322
f 297/297 322/322 298/298
f 298/298 322/322 323/323
f 298/298 323/323 299/299
f 299/299 323/323 324/324
f 299/299 324/324 300/300
f 300/300 324/324 325/325
f 301/301 326/326 302/302
f 302/302 326/326 327/327
f 302/302 327/327 303/303
f 303/303 327/327 328/328
f 303/303 328/328 304/304
f 304/304 328/328 329/329
f 304/304 329/329 305/305
f 305/305 329/329 330/330
usemtl Blue
s off
f 305/305 330/330 306/306
f 306/306 330/330 331/331
f 306/306 331/331 307/307
f 307/307 331/331 332/332
usemtl Silver
s off
f 307/307 332/332 308/308
f 308/308 332/332 333/333
f 308/308 333/333 309/309
f 309/309 333/333 334/334
usemtl Cream
s off
f 309/309 334/334 310/310
f 310/310 334/334 335/335
f 310/310 335/335 311/311
f 311/311 335/335 336/336
f 311/311 336/336 312/312
f 312/312 336/336 337/337
f 312/312 337/337 313/313
f 313/313 337/337 338/338
f 313/313 338/338 314/314
f 314/314 338/338 339/339
f 314/314 339/339 315/315
f 315/315 339/339 340/340
f 315/315 340/340 316/316
f 316/316 340/340 341/341
f 316/316 341/341 317/317
f 317/317 341/341 342/342
usemtl Silver
s off
f 317/317 342/342 318/318
f 318/318 342/342 343/343
f 318/318 343/343 319/319
f 319/319 343/343 344/344
usemtl Blue
s off
f 319/319 344/344 320/320
f 320/320 344/344 345/345
f 320/320 345/345 321/321
f 321/321 345/345 346/346
usemtl Navy
s off
f 321/321 346/346 322/322
f 322/322 346/346 347/347
f 322/322 347/347 323/323
f 323/323 347/347 348/348
f 323/323 348/348 324/324
f 324/324 348/348 349/349
f 324/324 349/349 325/325
f 325/325 349/349 350/350
f 326/326 351/351 327/327
f 327/327 351/351 352/352
f 327/327 352/352 328/328
f 328/328 352/352 353/353
f 328/328 353/353 329/329
f 329/329 353/353 354/354
f 329/329 354/354 330/330
f 330/330 354/354 355/355
usemtl Blue
s off
f 330/330 355/355 331/331
f 331/331 355/355 356/356
f 331/331 356/356 332/332
f 332/332 356/356 357/357
usemtl Silver
s off
f 332/332 357/357 333/333
f 333/333 357/357 358/358
f 333/333 358/358 334/334
f 334/334 358/358 359/359
usemtl Cream
s off
f 334/334 359/359 335/335
f 335/335 359/359 360/360
f 335/335 360/360 336/336
f 336/336 360/360 361/361
f 336/336 361/361 337/337
f 337/337 361/361 362/362
f 337/337 362/362 338/338
f 338/338 362/362 363/363
f 338/338 363/363 339/339
f 339/339 363/363 364/364
f 339/339 364/364 340/340
f 340/340 364/364 365/365
f 340/340 365/365 341/341
f 341/341 365/365 366/366
f 341/341 366/366 342/342
f 342/342 366/366 367/367
usemtl Silver
s off
f 342/342 367/367 343/343
f 343/343 367/367 368/368
f 343/343 368/368 344/344
f 344/344 368/368 369/369
usemtl Blue
s off
f 344/344 369/369 345/345
f 345/345 369/369 370/370
f 345/345 370/370 346/346
f 346/346 370/370 371/371
usemtl Navy
s off
f 346/346 371/371 347/347
f 347/347 371/371 372/372
f 347/347 372/372 348/348
f 348/348 372/372 373/373
f 348/348 373/373 349/349
f 349/349 373/373 374/374
f 349/349 374/374 350/350
f 350/350 374/374 375/375
f 351/351 376/376 352/352
f 352/352 376/376 377/377
f 352/352 377/377 353/353
f 353/353 377/377 378/378
f 353/353 378/378 354/354
f 354/354 378/378 379/379
f 354/354 379/379 355/355
f 355/355 379/379 380/380
usemtl Blue
s off
f 355/355 380/380 356/356
f 356/356 380/380 381/381
f 356/356 381/381 357/357
f 357/357 381/381 382/382
usemtl Silver
s off
f 357/357 382/382 358/358
f 358/358 382/382 383/383
f 358/358 383/383 359/359
f 359/359 383/383 384/384
usemtl Cream
s off
f 359/359 384/384 360/360
f 360/360 384/384 385/385
f 360/360 385/385 361/361
f 361/361 385/385 386/386
f 361/361 386/386 362/362
f 362/362 386/386 387/387
f 362/362 387/387 363/363
f 363/363 387/387 388/388
f 363/363 388/388 364/364
f 364/364 388/388 389/389
f 364/364 389/389 365/365
f 365/365 389/389 390/390
f 365/365 390/390 366/366
f 366/366 390/390 391/391
f 366/366 391/391 367/367
f 367/367 391/391 392/392
usemtl Silver
s off
f 367/367 392/392 368/368
f 368/368 392/392 393/393
f 368/368 393/393 369/369
f 369/369 393/393 394/394
usemtl Blue
s off
f 369/369 394/394 370/370
f 370/370 394/394 395/395
f 370/370 395/395 371/371
f 371/371 395/395 396/396
usemtl Navy
s off
f 371/371 396/396 372/372
f 372/372 396/396 397/397
f 372/372 397/397 373/373
f 373/373 397/397 398/398
f 373/373 398/398 374/374
f 374/374 398/398 399/399
f 374/374 399/399 375/375
f 375/375 399/399 400/400
f 376/376 401/401 377/377
f 377/377 402/402 378/378
f 378/378 403/403 379/379
f 379/379 404/404 380/380
usemtl Blue
s off
f 380/380 405/405 381/381
f 381/381 406/406 382/382
usemtl Silver
s off
f 382/382 407/407 383/383
f 383/383 408/408 384/384
usemtl Cream
s off
f 384/384 409/409 385/385
f 385/385 410/410 386/386
f 386/386 411/411 387/387
f 387/387 412/412 388/388
f 388/388 413/413 389/389
f 389/389 414/414 390/390
f 390/390 415/415 391/391
f 391/391 416/416 392/392
usemtl Silver
s off
f 392/392 417/417 393/393
f 393/393 418/418 394/394
usemtl Blue
s off
f 394/394 419/419 395/395
f 395/395 420/420 396/396
usemtl Navy
s off
f 396/396 421/421 397/397
f 397/397 422/422 398/398
f 398/398 423/423 399/399
f 399/399 424/424 400/400
usemtl Blue
s off
f 427/427 439/439 440/440
f 428/428 440/440 441/441
f 429/429 441/441 442/442
f 430/430 442/442 443/443
f 431/431 443/443 444/444
f 432/432 444/444 445/445
f 433/433 445/445 446/446
f 434/434 446/446 447/447
f 435/435 447/447 448/448
f 436/436 448/448 449/449
f 437/437 449/449 450/450
f 438/438 450/450 451/451
f 439/439 452/452 440/440
f 440/440 452/452 453/453
f 440/440 453/453 441/441
f 441/441 453/453 454/454
f 441/441 454/454 442/442
f 442/442 454/454 455/455
f 442/442 455/455 443/443
f 443/443 455/455 456/456
f 443/443 456/456 444/444
f 444/444 456/456 457/457
f 444/444 457/457 445/445
f 445/445 457/457 458/458
f 445/445 458/458 446/446
f 446/446 458/458 459/459
f 446/446 459/459 447/447
f 447/447 459/459 460/460
f 447/447 460/460 448/448
f 448/448 460/460 461/461
f 448/448 461/461 449/449
f 449/449 461/461 462/462
f 449/449 462/462 450/450
f 450/450 462/462 463/463
f 450/450 463/463 451/451
f 451/451 463/463 464/464
f 452/452 465/465 453/453
f 453/453 465/465 466/466
f 453/453 466/466 454/454
f 454/454 466/466 467/467
f 454/454 467/467 455/455
f 455/455 467/467 468/468
f 455/455 468/468 456/456
f 456/456 468/468 469/469
f 456/456 469/469 457/457
f 457/457 469/469 470/470
f 457/457 470/470 458/458
f 458/458 470/470 471/471
f 458/458 471/471 459/459
f 459/459 471/471 472/472
f 459/459 472/472 460/460
f 460/460 472/472 473/473
f 460/460 473/473 461/461
f 461/461 473/473 474/474
f 461/461 474/474 462/462
f 462/462 474/474 475/475
f 462/462 475/475 463/463
f 463/463 475/475 476/476
f 463/463 476/476 464/464
f 464/464 476/476 477/477
f 465/465 478/478 466/466
f 466/466 478/478 479/479
f 466/466 479/479 467/467
f 467/467 479/479 480/480
f 467/467 480/480 468/468
f 468/468 480/480 481/481
f 468/468 481/481 469/469
f 469/469 481/481 482/482
f 469/469 482/482 470/470
f 470/470 482/482 483/483
f 470/470 483/483 471/471
f 471/471 483/483 484/484
f 471/471 484/484 472/472
f 472/472 484/484 485/485
f 472/472 485/485 473/473
f 473/473 485/485 486/486
f 473/473 486/486 474/474
f 474/474 486/486 487/487
f 474/474 487/487 475/475
f 475/475 487/487 488/488
f 475/475 488/488 476/476
f 476/476 488/488 489/489
f 476/476 489/489 477/477
f 477/477 489/489 490/490
f 478/478 491/491 479/479
f 479/479 491/491 492/492
f 479/479 492/492 480/480
f 480/480 492/492 493/493
f 480/480 493/493 481/481
f 481/481 493/493 494/494
f 481/481 494/494 482/482
f 482/482 494/494 495/495
f 482/482 495/495 483/483
f 483/483 495/495 496/496
f 483/483 496/496 484/484
f 484/484 496/496 497/497
f 484/484 497/497 485/485
f 485/485 497/497 498/498
f 485/485 498/498 486/486
f 486/486 498/498 499/499
f 486/486 499/499 487/487
f 487/487 499/499 500/500
f 487/487 500/500 488/488
f 488/488 500/500 501/501
f 488/488 501/501 489/489
f 489/489 501/501 502/502
f 489/489 502/502 490/490
f 490/490 502/502 503/503
f 491/491 504/504 492/492
f 492/492 504/504 505/505
f 492/492 505/505 493/493
f 493/493 505/505 506/506
f 493/493 506/506 494/494
f 494/494 506/506 507/507
f 494/494 507/507 495/495
f 495/495 507/507 508/508
f 495/495 508/508 496/496
f 496/496 508/508 509/509
f 496/496 509/509 497/497
f 497/497 509/509 510/510
f 497/497 510/510 498/498
f 498/498 510/510 511/511
f 498/498 511/511 499/499
f 499/499 511/511 512/512
f 499/499 512/512 500/500
f 500/500 512/512 513/513
f 500/500 513/513 501/501
f 501/501 513/513 514/514
f 501/501 514/514 502/502
f 502/502 514/514 515/515
f 502/502 515/515 503/503
f 503/503 515/515 516/516
f 504/504 517/517 505/505
f 505/505 517/517 518/518
f 505/505 518/518 506/506
f 506/506 518/518 519/519
f 506/506 519/519 507/507
f 507/507 519/519 520/520
f 507/507 520/520 508/508
f 508/508 520/520 521/521
f 508/508 521/521 509/509
f 509/509 521/521 522/522
f 509/509 522/522 510/510
f 510/510 522/522 523/523
f 510/510 523/523 511/511
f 511/511 523/523 524/524
f 511/511 524/524 512/512
f 512/512 524/524 525/525
f 512/512 525/525 513/513
f 513/513 525/525 526/526
f 513/513 526/526 514/514
f 514/514 526/526 527/527
f 514/514 527/527 515/515
f 515/515 527/527 528/528
f 515/515 528/528 516/516
f 516/516 528/528 529/529
f 517/517 530/530 518/518
f 518/518 531/531 519/519
f 519/519 532/532 520/520
f 520/520 533/533 521/521
f 521/521 534/534 522/522
f 522/522 535/535 523/523
f 523/523 536/536 524/524
f 524/524 537/537 525/525
f 525/525 538/538 526/526
f 526/526 539/539 527/527
f 527/527 540/540 528/528
f 528/528 541/541 529/529
usemtl Fin
s off
f 543/543 545/545 544/544
f 546/546 547/547 548/548
f 543/543 544/544 547/547
f 543/543 547/547 546/546
f 544/544 545/545 548/548
f 544/544 548/548 547/547
f 545/545 543/543 546/546
f 545/545 546/546 548/548
f 549/549 551/551 550/550
f 552/552 553/553 554/554
f 549/549 550/550 553/553
f 549/549 553/553 552/552
f 550/550 551/551 554/554
f 550/550 554/554 553/553
f 551/551 549/549 552/552
f 551/551 552/552 554/554
f 555/555 557/557 556/556
f 558/558 559/559 560/560
f 555/555 556/556 559/559
f 555/555 559/559 558/558
f 556/556 557/557 560/560
f 556/556 560/560 559/559
f 557/557 555/555 558/558
f 557/557 558/558 560/560
f 561/561 563/563 562/562
f 564/564 565/565 566/566
f 561/561 562/562 565/565
f 561/561 565/565 564/564
f 562/562 563/563 566/566
f 562/562 566/566 565/565
f 563/563 561/561 564/564
f 563/563 564/564 566/566
f 567/567 569/569 568/568
f 570/570 571/571 572/572
f 567/567 568/568 571/571
f 567/567 571/571 570/570
f 568/568 569/569 572/572
f 568/568 572/572 571/571
f 569/569 567/567 570/570
f 569/569 570/570 572/572
f 573/573 575/575 574/574
f 576/576 577/577 578/578
f 573/573 574/574 577/577
f 573/573 577/577 576/576
f 574/574 575/575 578/578
f 574/574 578/578 577/577
f 575/575 573/573 576/576
f 575/575 576/576 578/578
usemtl EyeRim
s off
f 580/580 596/596 597/597
f 581/581 597/597 598/598
f 582/582 598/598 599/599
f 583/583 599/599 600/600
f 584/584 600/600 601/601
f 585/585 601/601 602/602
f 586/586 602/602 603/603
f 587/587 603/603 604/604
f 588/588 604/604 605/605
f 589/589 605/605 606/606
f 590/590 606/606 607/607
f 591/591 607/607 608/608
f 592/592 608/608 609/609
f 593/593 609/609 610/610
f 594/594 610/610 611/611
f 595/595 611/611 612/612
f 596/596 613/613 597/597
f 597/597 613/613 614/614
f 597/597 614/614 598/598
f 598/598 614/614 615/615
f 598/598 615/615 599/599
f 599/599 615/615 616/616
f 599/599 616/616 600/600
f 600/600 616/616 617/617
f 600/600 617/617 601/601
f 601/601 617/617 618/618
f 601/601 618/618 602/602
f 602/602 618/618 619/619
f 602/602 619/619 603/603
f 603/603 619/619 620/620
f 603/603 620/620 604/604
f 604/604 620/620 621/621
f 604/604 621/621 605/605
f 605/605 621/621 622/622
f 605/605 622/622 606/606
f 606/606 622/622 623/623
f 606/606 623/623 607/607
f 607/607 623/623 624/624
f 607/607 624/624 608/608
f 608/608 624/624 625/625
f 608/608 625/625 609/609
f 609/609 625/625 626/626
f 609/609 626/626 610/610
f 610/610 626/626 627/627
f 610/610 627/627 611/611
f 611/611 627/627 628/628
f 611/611 628/628 612/612
f 612/612 628/628 629/629
f 613/613 630/630 614/614
f 614/614 630/630 631/631
f 614/614 631/631 615/615
f 615/615 631/631 632/632
f 615/615 632/632 616/616
f 616/616 632/632 633/633
f 616/616 633/633 617/617
f 617/617 633/633 634/634
f 617/617 634/634 618/618
f 618/618 634/634 635/635
f 618/618 635/635 619/619
f 619/619 635/635 636/636
f 619/619 636/636 620/620
f 620/620 636/636 637/637
f 620/620 637/637 621/621
f 621/621 637/637 638/638
f 621/621 638/638 622/622
f 622/622 638/638 639/639
f 622/622 639/639 623/623
f 623/623 639/639 640/640
f 623/623 640/640 624/624
f 624/624 640/640 641/641
f 624/624 641/641 625/625
f 625/625 641/641 642/642
f 625/625 642/642 626/626
f 626/626 642/642 643/643
f 626/626 643/643 627/627
f 627/627 643/643 644/644
f 627/627 644/644 628/628
f 628/628 644/644 645/645
f 628/628 645/645 629/629
f 629/629 645/645 646/646
f 630/630 647/647 631/631
f 631/631 647/647 648/648
f 631/631 648/648 632/632
f 632/632 648/648 649/649
f 632/632 649/649 633/633
f 633/633 649/649 650/650
f 633/633 650/650 634/634
f 634/634 650/650 651/651
f 634/634 651/651 635/635
f 635/635 651/651 652/652
f 635/635 652/652 636/636
f 636/636 652/652 653/653
f 636/636 653/653 637/637
f 637/637 653/653 654/654
f 637/637 654/654 638/638
f 638/638 654/654 655/655
f 638/638 655/655 639/639
f 639/639 655/655 656/656
f 639/639 656/656 640/640
f 640/640 656/656 657/657
f 640/640 657/657 641/641
f 641/641 657/657 658/658
f 641/641 658/658 642/642
f 642/642 658/658 659/659
f 642/642 659/659 643/643
f 643/643 659/659 660/660
f 643/643 660/660 644/644
f 644/644 660/660 661/661
f 644/644 661/661 645/645
f 645/645 661/661 662/662
f 645/645 662/662 646/646
f 646/646 662/662 663/663
f 647/647 664/664 648/648
f 648/648 664/664 665/665
f 648/648 665/665 649/649
f 649/649 665/665 666/666
f 649/649 666/666 650/650
f 650/650 666/666 667/667
f 650/650 667/667 651/651
f 651/651 667/667 668/668
f 651/651 668/668 652/652
f 652/652 668/668 669/669
f 652/652 669/669 653/653
f 653/653 669/669 670/670
f 653/653 670/670 654/654
f 654/654 670/670 671/671
f 654/654 671/671 655/655
f 655/655 671/671 672/672
f 655/655 672/672 656/656
f 656/656 672/672 673/673
f 656/656 673/673 657/657
f 657/657 673/673 674/674
f 657/657 674/674 658/658
f 658/658 674/674 675/675
f 658/658 675/675 659/659
f 659/659 675/675 676/676
f 659/659 676/676 660/660
f 660/660 676/676 677/677
f 660/660 677/677 661/661
f 661/661 677/677 678/678
f 661/661 678/678 662/662
f 662/662 678/678 679/679
f 662/662 679/679 663/663
f 663/663 679/679 680/680
f 664/664 681/681 665/665
f 665/665 681/681 682/682
f 665/665 682/682 666/666
f 666/666 682/682 683/683
f 666/666 683/683 667/667
f 667/667 683/683 684/684
f 667/667 684/684 668/668
f 668/668 684/684 685/685
f 668/668 685/685 669/669
f 669/669 685/685 686/686
f 669/669 686/686 670/670
f 670/670 686/686 687/687
f 670/670 687/687 671/671
f 671/671 687/687 688/688
f 671/671 688/688 672/672
f 672/672 688/688 689/689
f 672/672 689/689 673/673
f 673/673 689/689 690/690
f 673/673 690/690 674/674
f 674/674 690/690 691/691
f 674/674 691/691 675/675
f 675/675 691/691 692/692
f 675/675 692/692 676/676
f 676/676 692/692 693/693
f 676/676 693/693 677/677
f 677/677 693/693 694/694
f 677/677 694/694 678/678
f 678/678 694/694 695/695
f 678/678 695/695 679/679
f 679/679 695/695 696/696
f 679/679 696/696 680/680
f 680/680 696/696 697/697
f 681/681 698/698 682/682
f 682/682 698/698 699/699
f 682/682 699/699 683/683
f 683/683 699/699 700/700
f 683/683 700/700 684/684
f 684/684 700/700 701/701
f 684/684 701/701 685/685
f 685/685 701/701 702/702
f 685/685 702/702 686/686
f 686/686 702/702 703/703
f 686/686 703/703 687/687
f 687/687 703/703 704/704
f 687/687 704/704 688/688
f 688/688 704/704 705/705
f 688/688 705/705 689/689
f 689/689 705/705 706/706
f 689/689 706/706 690/690
f 690/690 706/706 707/707
f 690/690 707/707 691/691
f 691/691 707/707 708/708
f 691/691 708/708 692/692
f 692/692 708/708 709/709
f 692/692 709/709 693/693
f 693/693 709/709 710/710
f 693/693 710/710 694/694
f 694/694 710/710 711/711
f 694/694 711/711 695/695
f 695/695 711/711 712/712
f 695/695 712/712 696/696
f 696/696 712/712 713/713
f 696/696 713/713 697/697
f 697/697 713/713 714/714
f 698/698 715/715 699/699
f 699/699 715/715 716/716
f 699/699 716/716 700/700
f 700/700 716/716 717/717
f 700/700 717/717 701/701
f 701/701 717/717 718/718
f 701/701 718/718 702/702
f 702/702 718/718 719/719
f 702/702 719/719 703/703
f 703/703 719/719 720/720
f 703/703 720/720 704/704
f 704/704 720/720 721/721
f 704/704 721/721 705/705
f 705/705 721/721 722/722
f 705/705 722/722 706/706
f 706/706 722/722 723/723
f 706/706 723/723 707/707
f 707/707 723/723 724/724
f 707/707 724/724 708/708
f 708/708 724/724 725/725
f 708/708 725/725 709/709
f 709/709 725/725 726/726
f 709/709 726/726 710/710
f 710/710 726/726 727/727
f 710/710 727/727 711/711
f 711/711 727/727 728/728
f 711/711 728/728 712/712
f 712/712 728/728 729/729
f 712/712 729/729 713/713
f 713/713 729/729 730/730
f 713/713 730/730 714/714
f 714/714 730/730 731/731
f 715/715 732/732 716/716
f 716/716 732/732 733/733
f 716/716 733/733 717/717
f 717/717 733/733 734/734
f 717/717 734/734 718/718
f 718/718 734/734 735/735
f 718/718 735/735 719/719
f 719/719 735/735 736/736
f 719/719 736/736 720/720
f 720/720 736/736 737/737
f 720/720 737/737 721/721
f 721/721 737/737 738/738
f 721/721 738/738 722/722
f 722/722 738/738 739/739
f 722/722 739/739 723/723
f 723/723 739/739 740/740
f 723/723 740/740 724/724
f 724/724 740/740 741/741
f 724/724 741/741 725/725
f 725/725 741/741 742/742
f 725/725 742/742 726/726
f 726/726 742/742 743/743
f 726/726 743/743 727/727
f 727/727 743/743 744/744
f 727/727 744/744 728/728
f 728/728 744/744 745/745
f 728/728 745/745 729/729
f 729/729 745/745 746/746
f 729/729 746/746 730/730
f 730/730 746/746 747/747
f 730/730 747/747 731/731
f 731/731 747/747 748/748
f 732/732 749/749 733/733
f 733/733 750/750 734/734
f 734/734 751/751 735/735
f 735/735 752/752 736/736
f 736/736 753/753 737/737
f 737/737 754/754 738/738
f 738/738 755/755 739/739
f 739/739 756/756 740/740
f 740/740 757/757 741/741
f 741/741 758/758 742/742
f 742/742 759/759 743/743
f 743/743 760/760 744/744
f 744/744 761/761 745/745
f 745/745 762/762 746/746
f 746/746 763/763 747/747
f 747/747 764/764 748/748
usemtl Eye
s off
f 767/767 783/783 784/784
f 768/768 784/784 785/785
f 769/769 785/785 786/786
f 770/770 786/786 787/787
f 771/771 787/787 788/788
f 772/772 788/788 789/789
f 773/773 789/789 790/790
f 774/774 790/790 791/791
f 775/775 791/791 792/792
f 776/776 792/792 793/793
f 777/777 793/793 794/794
f 778/778 794/794 795/795
f 779/779 795/795 796/796
f 780/780 796/796 797/797
f 781/781 797/797 798/798
f 782/782 798/798 799/799
f 783/783 800/800 784/784
f 784/784 800/800 801/801
f 784/784 801/801 785/785
f 785/785 801/801 802/802
f 785/785 802/802 786/786
f 786/786 802/802 803/803
f 786/786 803/803 787/787
f 787/787 803/803 804/804
f 787/787 804/804 788/788
f 788/788 804/804 805/805
f 788/788 805/805 789/789
f 789/789 805/805 806/806
f 789/789 806/806 790/790
f 790/790 806/806 807/807
f 790/790 807/807 791/791
f 791/791 807/807 808/808
f 791/791 808/808 792/792
f 792/792 808/808 809/809
f 792/792 809/809 793/793
f 793/793 809/809 810/810
f 793/793 810/810 794/794
f 794/794 810/810 811/811
f 794/794 811/811 795/795
f 795/795 811/811 812/812
f 795/795 812/812 796/796
f 796/796 812/812 813/813
f 796/796 813/813 797/797
f 797/797 813/813 814/814
f 797/797 814/814 798/798
f 798/798 814/814 815/815
f 798/798 815/815 799/799
f 799/799 815/815 816/816
f 800/800 817/817 801/801
f 801/801 817/817 818/818
f 801/801 818/818 802/802
f 802/802 818/818 819/819
f 802/802 819/819 803/803
f 803/803 819/819 820/820
f 803/803 820/820 804/804
f 804/804 820/820 821/821
f 804/804 821/821 805/805
f 805/805 821/821 822/822
f 805/805 822/822 806/806
f 806/806 822/822 823/823
f 806/806 823/823 807/807
f 807/807 823/823 824/824
f 807/807 824/824 808/808
f 808/808 824/824 825/825
f 808/808 825/825 809/809
f 809/809 825/825 826/826
f 809/809 826/826 810/810
f 810/810 826/826 827/827
f 810/810 827/827 811/811
f 811/811 827/827 828/828
f 811/811 828/828 812/812
f 812/812 828/828 829/829
f 812/812 829/829 813/813
f 813/813 829/829 830/830
f 813/813 830/830 814/814
f 814/814 830/830 831/831
f 814/814 831/831 815/815
f 815/815 831/831 832/832
f 815/815 832/832 816/816
f 816/816 832/832 833/833
f 817/817 834/834 818/818
f 818/818 834/834 835/835
f 818/818 835/835 819/819
f 819/819 835/835 836/836
f 819/819 836/836 820/820
f 820/820 836/836 837/837
f 820/820 837/837 821/821
f 821/821 837/837 838/838
f 821/821 838/838 822/822
f 822/822 838/838 839/839
f 822/822 839/839 823/823
f 823/823 839/839 840/840
f 823/823 840/840 824/824
f 824/824 840/840 841/841
f 824/824 841/841 825/825
f 825/825 841/841 842/842
f 825/825 842/842 826/826
f 826/826 842/842 843/843
f 826/826 843/843 827/827
f 827/827 843/843 844/844
f 827/827 844/844 828/828
f 828/828 844/844 845/845
f 828/828 845/845 829/829
f 829/829 845/845 846/846
f 829/829 846/846 830/830
f 830/830 846/846 847/847
f 830/830 847/847 831/831
f 831/831 847/847 848/848
f 831/831 848/848 832/832
f 832/832 848/848 849/849
f 832/832 849/849 833/833
f 833/833 849/849 850/850
f 834/834 851/851 835/835
f 835/835 851/851 852/852
f 835/835 852/852 836/836
f 836/836 852/852 853/853
f 836/836 853/853 837/837
f 837/837 853/853 854/854
f 837/837 854/854 838/838
f 838/838 854/854 855/855
f 838/838 855/855 839/839
f 839/839 855/855 856/856
f 839/839 856/856 840/840
f 840/840 856/856 857/857
f 840/840 857/857 841/841
f 841/841 857/857 858/858
f 841/841 858/858 842/842
f 842/842 858/858 859/859
f 842/842 859/859 843/843
f 843/843 859/859 860/860
f 843/843 860/860 844/844
f 844/844 860/860 861/861
f 844/844 861/861 845/845
f 845/845 861/861 862/862
f 845/845 862/862 846/846
f 846/846 862/862 863/863
f 846/846 863/863 847/847
f 847/847 863/863 864/864
f 847/847 864/864 848/848
f 848/848 864/864 865/865
f 848/848 865/865 849/849
f 849/849 865/865 866/866
f 849/849 866/866 850/850
f 850/850 866/866 867/867
f 851/851 868/868 852/852
f 852/852 868/868 869/869
f 852/852 869/869 853/853
f 853/853 869/869 870/870
f 853/853 870/870 854/854
f 854/854 870/870 871/871
f 854/854 871/871 855/855
f 855/855 871/871 872/872
f 855/855 872/872 856/856
f 856/856 872/872 873/873
f 856/856 873/873 857/857
f 857/857 873/873 874/874
f 857/857 874/874 858/858
f 858/858 874/874 875/875
f 858/858 875/875 859/859
f 859/859 875/875 876/876
f 859/859 876/876 860/860
f 860/860 876/876 877/877
f 860/860 877/877 861/861
f 861/861 877/877 878/878
f 861/861 878/878 862/862
f 862/862 878/878 879/879
f 862/862 879/879 863/863
f 863/863 879/879 880/880
f 863/863 880/880 864/864
f 864/864 880/880 881/881
f 864/864 881/881 865/865
f 865/865 881/881 882/882
f 865/865 882/882 866/866
f 866/866 882/882 883/883
f 866/866 883/883 867/867
f 867/867 883/883 884/884
f 868/868 885/885 869/869
f 869/869 885/885 886/886
f 869/869 886/886 870/870
f 870/870 886/886 887/887
f 870/870 887/887 871/871
f 871/871 887/887 888/888
f 871/871 888/888 872/872
f 872/872 888/888 889/889
f 872/872 889/889 873/873
f 873/873 889/889 890/890
f 873/873 890/890 874/874
f 874/874 890/890 891/891
f 874/874 891/891 875/875
f 875/875 891/891 892/892
f 875/875 892/892 876/876
f 876/876 892/892 893/893
f 876/876 893/893 877/877
f 877/877 893/893 894/894
f 877/877 894/894 878/878
f 878/878 894/894 895/895
f 878/878 895/895 879/879
f 879/879 895/895 896/896
f 879/879 896/896 880/880
f 880/880 896/896 897/897
f 880/880 897/897 881/881
f 881/881 897/897 898/898
f 881/881 898/898 882/882
f 882/882 898/898 899/899
f 882/882 899/899 883/883
f 883/883 899/899 900/900
f 883/883 900/900 884/884
f 884/884 900/900 901/901
f 885/885 902/902 886/886
f 886/886 902/902 903/903
f 886/886 903/903 887/887
f 887/887 903/903 904/904
f 887/887 904/904 888/888
f 888/888 904/904 905/905
f 888/888 905/905 889/889
f 889/889 905/905 906/906
f 889/889 906/906 890/890
f 890/890 906/906 907/907
f 890/890 907/907 891/891
f 891/891 907/907 908/908
f 891/891 908/908 892/892
f 892/892 908/908 909/909
f 892/892 909/909 893/893
f 893/893 909/909 910/910
f 893/893 910/910 894/894
f 894/894 910/910 911/911
f 894/894 911/911 895/895
f 895/895 911/911 912/912
f 895/895 912/912 896/896
f 896/896 912/912 913/913
f 896/896 913/913 897/897
f 897/897 913/913 914/914
f 897/897 914/914 898/898
f 898/898 914/914 915/915
f 898/898 915/915 899/899
f 899/899 915/915 916/916
f 899/899 916/916 900/900
f 900/900 916/916 917/917
f 900/900 917/917 901/901
f 901/901 917/917 918/918
f 902/902 919/919 903/903
f 903/903 919/919 920/920
f 903/903 920/920 904/904
f 904/904 920/920 921/921
f 904/904 921/921 905/905
f 905/905 921/921 922/922
f 905/905 922/922 906/906
f 906/906 922/922 923/923
f 906/906 923/923 907/907
f 907/907 923/923 924/924
f 907/907 924/924 908/908
f 908/908 924/924 925/925
f 908/908 925/925 909/909
f 909/909 925/925 926/926
f 909/909 926/926 910/910
f 910/910 926/926 927/927
f 910/910 927/927 911/911
f 911/911 927/927 928/928
f 911/911 928/928 912/912
f 912/912 928/928 929/929
f 912/912 929/929 913/913
f 913/913 929/929 930/930
f 913/913 930/930 914/914
f 914/914 930/930 931/931
f 914/914 931/931 915/915
f 915/915 931/931 932/932
f 915/915 932/932 916/916
f 916/916 932/932 933/933
f 916/916 933/933 917/917
f 917/917 933/933 934/934
f 917/917 934/934 918/918
f 918/918 934/934 935/935
f 919/919 936/936 920/920
f 920/920 937/937 921/921
f 921/921 938/938 922/922
f 922/922 939/939 923/923
f 923/923 940/940 924/924
f 924/924 941/941 925/925
f 925/925 942/942 926/926
f 926/926 943/943 927/927
f 927/927 944/944 928/928
f 928/928 945/945 929/929
f 929/929 946/946 930/930
f 930/930 947/947 931/931
f 931/931 948/948 932/932
f 932/932 949/949 933/933
f 933/933 950/950 934/934
f 934/934 951/951 935/935
usemtl Highlight
s off
f 954/954 964/964 965/965
f 955/955 965/965 966/966
f 956/956 966/966 967/967
f 957/957 967/967 968/968
f 958/958 968/968 969/969
f 959/959 969/969 970/970
f 960/960 970/970 971/971
f 961/961 971/971 972/972
f 962/962 972/972 973/973
f 963/963 973/973 974/974
f 964/964 975/975 965/965
f 965/965 975/975 976/976
f 965/965 976/976 966/966
f 966/966 976/976 977/977
f 966/966 977/977 967/967
f 967/967 977/977 978/978
f 967/967 978/978 968/968
f 968/968 978/978 979/979
f 968/968 979/979 969/969
f 969/969 979/979 980/980
f 969/969 980/980 970/970
f 970/970 980/980 981/981
f 970/970 981/981 971/971
f 971/971 981/981 982/982
f 971/971 982/982 972/972
f 972/972 982/982 983/983
f 972/972 983/983 973/973
f 973/973 983/983 984/984
f 973/973 984/984 974/974
f 974/974 984/984 985/985
f 975/975 986/986 976/976
f 976/976 986/986 987/987
f 976/976 987/987 977/977
f 977/977 987/987 988/988
f 977/977 988/988 978/978
f 978/978 988/988 989/989
f 978/978 989/989 979/979
f 979/979 989/989 990/990
f 979/979 990/990 980/980
f 980/980 990/990 991/991
f 980/980 991/991 981/981
f 981/981 991/991 992/992
f 981/981 992/992 982/982
f 982/982 992/992 993/993
f 982/982 993/993 983/983
f 983/983 993/993 994/994
f 983/983 994/994 984/984
f 984/984 994/994 995/995
f 984/984 995/995 985/985
f 985/985 995/995 996/996
f 986/986 997/997 987/987
f 987/987 997/997 998/998
f 987/987 998/998 988/988
f 988/988 998/998 999/999
f 988/988 999/999 989/989
f 989/989 999/999 1000/1000
f 989/989 1000/1000 990/990
f 990/990 1000/1000 1001/1001
f 990/990 1001/1001 991/991
f 991/991 1001/1001 1002/1002
f 991/991 1002/1002 992/992
f 992/992 1002/1002 1003/1003
f 992/992 1003/1003 993/993
f 993/993 1003/1003 1004/1004
f 993/993 1004/1004 994/994
f 994/994 1004/1004 1005/1005
f 994/994 1005/1005 995/995
f 995/995 1005/1005 1006/1006
f 995/995 1006/1006 996/996
f 996/996 1006/1006 1007/1007
f 997/997 1008/1008 998/998
f 998/998 1008/1008 1009/1009
f 998/998 1009/1009 999/999
f 999/999 1009/1009 1010/1010
f 999/999 1010/1010 1000/1000
f 1000/1000 1010/1010 1011/1011
f 1000/1000 1011/1011 1001/1001
f 1001/1001 1011/1011 1012/1012
f 1001/1001 1012/1012 1002/1002
f 1002/1002 1012/1012 1013/1013
f 1002/1002 1013/1013 1003/1003
f 1003/1003 1013/1013 1014/1014
f 1003/1003 1014/1014 1004/1004
f 1004/1004 1014/1014 1015/1015
f 1004/1004 1015/1015 1005/1005
f 1005/1005 1015/1015 1016/1016
f 1005/1005 1016/1016 1006/1006
f 1006/1006 1016/1016 1017/1017
f 1006/1006 1017/1017 1007/1007
f 1007/1007 1017/1017 1018/1018
f 1008/1008 1019/1019 1009/1009
f 1009/1009 1020/1020 1010/1010
f 1010/1010 1021/1021 1011/1011
f 1011/1011 1022/1022 1012/1012
f 1012/1012 1023/1023 1013/1013
f 1013/1013 1024/1024 1014/1014
f 1014/1014 1025/1025 1015/1015
f 1015/1015 1026/1026 1016/1016
f 1016/1016 1027/1027 1017/1017
f 1017/1017 1028/1028 1018/1018
usemtl Fin
s off
f 1030/1030 1032/1032 1031/1031
f 1033/1033 1034/1034 1035/1035
f 1030/1030 1031/1031 1034/1034
f 1030/1030 1034/1034 1033/1033
f 1031/1031 1032/1032 1035/1035
f 1031/1031 1035/1035 1034/1034
f 1032/1032 1030/1030 1033/1033
f 1032/1032 1033/1033 1035/1035
f 1036/1036 1038/1038 1037/1037
f 1039/1039 1040/1040 1041/1041
f 1036/1036 1037/1037 1040/1040
f 1036/1036 1040/1040 1039/1039
f 1037/1037 1038/1038 1041/1041
f 1037/1037 1041/1041 1040/1040
f 1038/1038 1036/1036 1039/1039
f 1038/1038 1039/1039 1041/1041
usemtl EyeRim
s off
f 1043/1043 1059/1059 1060/1060
f 1044/1044 1060/1060 1061/1061
f 1045/1045 1061/1061 1062/1062
f 1046/1046 1062/1062 1063/1063
f 1047/1047 1063/1063 1064/1064
f 1048/1048 1064/1064 1065/1065
f 1049/1049 1065/1065 1066/1066
f 1050/1050 1066/1066 1067/1067
f 1051/1051 1067/1067 1068/1068
f 1052/1052 1068/1068 1069/1069
f 1053/1053 1069/1069 1070/1070
f 1054/1054 1070/1070 1071/1071
f 1055/1055 1071/1071 1072/1072
f 1056/1056 1072/1072 1073/1073
f 1057/1057 1073/1073 1074/1074
f 1058/1058 1074/1074 1075/1075
f 1059/1059 1076/1076 1060/1060
f 1060/1060 1076/1076 1077/1077
f 1060/1060 1077/1077 1061/1061
f 1061/1061 1077/1077 1078/1078
f 1061/1061 1078/1078 1062/1062
f 1062/1062 1078/1078 1079/1079
f 1062/1062 1079/1079 1063/1063
f 1063/1063 1079/1079 1080/1080
f 1063/1063 1080/1080 1064/1064
f 1064/1064 1080/1080 1081/1081
f 1064/1064 1081/1081 1065/1065
f 1065/1065 1081/1081 1082/1082
f 1065/1065 1082/1082 1066/1066
f 1066/1066 1082/1082 1083/1083
f 1066/1066 1083/1083 1067/1067
f 1067/1067 1083/1083 1084/1084
f 1067/1067 1084/1084 1068/1068
f 1068/1068 1084/1084 1085/1085
f 1068/1068 1085/1085 1069/1069
f 1069/1069 1085/1085 1086/1086
f 1069/1069 1086/1086 1070/1070
f 1070/1070 1086/1086 1087/1087
f 1070/1070 1087/1087 1071/1071
f 1071/1071 1087/1087 1088/1088
f 1071/1071 1088/1088 1072/1072
f 1072/1072 1088/1088 1089/1089
f 1072/1072 1089/1089 1073/1073
f 1073/1073 1089/1089 1090/1090
f 1073/1073 1090/1090 1074/1074
f 1074/1074 1090/1090 1091/1091
f 1074/1074 1091/1091 1075/1075
f 1075/1075 1091/1091 1092/1092
f 1076/1076 1093/1093 1077/1077
f 1077/1077 1093/1093 1094/1094
f 1077/1077 1094/1094 1078/1078
f 1078/1078 1094/1094 1095/1095
f 1078/1078 1095/1095 1079/1079
f 1079/1079 1095/1095 1096/1096
f 1079/1079 1096/1096 1080/1080
f 1080/1080 1096/1096 1097/1097
f 1080/1080 1097/1097 1081/1081
f 1081/1081 1097/1097 1098/1098
f 1081/1081 1098/1098 1082/1082
f 1082/1082 1098/1098 1099/1099
f 1082/1082 1099/1099 1083/1083
f 1083/1083 1099/1099 1100/1100
f 1083/1083 1100/1100 1084/1084
f 1084/1084 1100/1100 1101/1101
f 1084/1084 1101/1101 1085/1085
f 1085/1085 1101/1101 1102/1102
f 1085/1085 1102/1102 1086/1086
f 1086/1086 1102/1102 1103/1103
f 1086/1086 1103/1103 1087/1087
f 1087/1087 1103/1103 1104/1104
f 1087/1087 1104/1104 1088/1088
f 1088/1088 1104/1104 1105/1105
f 1088/1088 1105/1105 1089/1089
f 1089/1089 1105/1105 1106/1106
f 1089/1089 1106/1106 1090/1090
f 1090/1090 1106/1106 1107/1107
f 1090/1090 1107/1107 1091/1091
f 1091/1091 1107/1107 1108/1108
f 1091/1091 1108/1108 1092/1092
f 1092/1092 1108/1108 1109/1109
f 1093/1093 1110/1110 1094/1094
f 1094/1094 1110/1110 1111/1111
f 1094/1094 1111/1111 1095/1095
f 1095/1095 1111/1111 1112/1112
f 1095/1095 1112/1112 1096/1096
f 1096/1096 1112/1112 1113/1113
f 1096/1096 1113/1113 1097/1097
f 1097/1097 1113/1113 1114/1114
f 1097/1097 1114/1114 1098/1098
f 1098/1098 1114/1114 1115/1115
f 1098/1098 1115/1115 1099/1099
f 1099/1099 1115/1115 1116/1116
f 1099/1099 1116/1116 1100/1100
f 1100/1100 1116/1116 1117/1117
f 1100/1100 1117/1117 1101/1101
f 1101/1101 1117/1117 1118/1118
f 1101/1101 1118/1118 1102/1102
f 1102/1102 1118/1118 1119/1119
f 1102/1102 1119/1119 1103/1103
f 1103/1103 1119/1119 1120/1120
f 1103/1103 1120/1120 1104/1104
f 1104/1104 1120/1120 1121/1121
f 1104/1104 1121/1121 1105/1105
f 1105/1105 1121/1121 1122/1122
f 1105/1105 1122/1122 1106/1106
f 1106/1106 1122/1122 1123/1123
f 1106/1106 1123/1123 1107/1107
f 1107/1107 1123/1123 1124/1124
f 1107/1107 1124/1124 1108/1108
f 1108/1108 1124/1124 1125/1125
f 1108/1108 1125/1125 1109/1109
f 1109/1109 1125/1125 1126/1126
f 1110/1110 1127/1127 1111/1111
f 1111/1111 1127/1127 1128/1128
f 1111/1111 1128/1128 1112/1112
f 1112/1112 1128/1128 1129/1129
f 1112/1112 1129/1129 1113/1113
f 1113/1113 1129/1129 1130/1130
f 1113/1113 1130/1130 1114/1114
f 1114/1114 1130/1130 1131/1131
f 1114/1114 1131/1131 1115/1115
f 1115/1115 1131/1131 1132/1132
f 1115/1115 1132/1132 1116/1116
f 1116/1116 1132/1132 1133/1133
f 1116/1116 1133/1133 1117/1117
f 1117/1117 1133/1133 1134/1134
f 1117/1117 1134/1134 1118/1118
f 1118/1118 1134/1134 1135/1135
f 1118/1118 1135/1135 1119/1119
f 1119/1119 1135/1135 1136/1136
f 1119/1119 1136/1136 1120/1120
f 1120/1120 1136/1136 1137/1137
f 1120/1120 1137/1137 1121/1121
f 1121/1121 1137/1137 1138/1138
f 1121/1121 1138/1138 1122/1122
f 1122/1122 1138/1138 1139/1139
f 1122/1122 1139/1139 1123/1123
f 1123/1123 1139/1139 1140/1140
f 1123/1123 1140/1140 1124/1124
f 1124/1124 1140/1140 1141/1141
f 1124/1124 1141/1141 1125/1125
f 1125/1125 1141/1141 1142/1142
f 1125/1125 1142/1142 1126/1126
f 1126/1126 1142/1142 1143/1143
f 1127/1127 1144/1144 1128/1128
f 1128/1128 1144/1144 1145/1145
f 1128/1128 1145/1145 1129/1129
f 1129/1129 1145/1145 1146/1146
f 1129/1129 1146/1146 1130/1130
f 1130/1130 1146/1146 1147/1147
f 1130/1130 1147/1147 1131/1131
f 1131/1131 1147/1147 1148/1148
f 1131/1131 1148/1148 1132/1132
f 1132/1132 1148/1148 1149/1149
f 1132/1132 1149/1149 1133/1133
f 1133/1133 1149/1149 1150/1150
f 1133/1133 1150/1150 1134/1134
f 1134/1134 1150/1150 1151/1151
f 1134/1134 1151/1151 1135/1135
f 1135/1135 1151/1151 1152/1152
f 1135/1135 1152/1152 1136/1136
f 1136/1136 1152/1152 1153/1153
f 1136/1136 1153/1153 1137/1137
f 1137/1137 1153/1153 1154/1154
f 1137/1137 1154/1154 1138/1138
f 1138/1138 1154/1154 1155/1155
f 1138/1138 1155/1155 1139/1139
f 1139/1139 1155/1155 1156/1156
f 1139/1139 1156/1156 1140/1140
f 1140/1140 1156/1156 1157/1157
f 1140/1140 1157/1157 1141/1141
f 1141/1141 1157/1157 1158/1158
f 1141/1141 1158/1158 1142/1142
f 1142/1142 1158/1158 1159/1159
f 1142/1142 1159/1159 1143/1143
f 1143/1143 1159/1159 1160/1160
f 1144/1144 1161/1161 1145/1145
f 1145/1145 1161/1161 1162/1162
f 1145/1145 1162/1162 1146/1146
f 1146/1146 1162/1162 1163/1163
f 1146/1146 1163/1163 1147/1147
f 1147/1147 1163/1163 1164/1164
f 1147/1147 1164/1164 1148/1148
f 1148/1148 1164/1164 1165/1165
f 1148/1148 1165/1165 1149/1149
f 1149/1149 1165/1165 1166/1166
f 1149/1149 1166/1166 1150/1150
f 1150/1150 1166/1166 1167/1167
f 1150/1150 1167/1167 1151/1151
f 1151/1151 1167/1167 1168/1168
f 1151/1151 1168/1168 1152/1152
f 1152/1152 1168/1168 1169/1169
f 1152/1152 1169/1169 1153/1153
f 1153/1153 1169/1169 1170/1170
f 1153/1153 1170/1170 1154/1154
f 1154/1154 1170/1170 1171/1171
f 1154/1154 1171/1171 1155/1155
f 1155/1155 1171/1171 1172/1172
f 1155/1155 1172/1172 1156/1156
f 1156/1156 1172/1172 1173/1173
f 1156/1156 1173/1173 1157/1157
f 1157/1157 1173/1173 1174/1174
f 1157/1157 1174/1174 1158/1158
f 1158/1158 1174/1174 1175/1175
f 1158/1158 1175/1175 1159/1159
f 1159/1159 1175/1175 1176/1176
f 1159/1159 1176/1176 1160/1160
f 1160/1160 1176/1176 1177/1177
f 1161/1161 1178/1178 1162/1162
f 1162/1162 1178/1178 1179/1179
f 1162/1162 1179/1179 1163/1163
f 1163/1163 1179/1179 1180/1180
f 1163/1163 1180/1180 1164/1164
f 1164/1164 1180/1180 1181/1181
f 1164/1164 1181/1181 1165/1165
f 1165/1165 1181/1181 1182/1182
f 1165/1165 1182/1182 1166/1166
f 1166/1166 1182/1182 1183/1183
f 1166/1166 1183/1183 1167/1167
f 1167/1167 1183/1183 1184/1184
f 1167/1167 1184/1184 1168/1168
f 1168/1168 1184/1184 1185/1185
f 1168/1168 1185/1185 1169/1169
f 1169/1169 1185/1185 1186/1186
f 1169/1169 1186/1186 1170/1170
f 1170/1170 1186/1186 1187/1187
f 1170/1170 1187/1187 1171/1171
f 1171/1171 1187/1187 1188/1188
f 1171/1171 1188/1188 1172/1172
f 1172/1172 1188/1188 1189/1189
f 1172/1172 1189/1189 1173/1173
f 1173/1173 1189/1189 1190/1190
f 1173/1173 1190/1190 1174/1174
f 1174/1174 1190/1190 1191/1191
f 1174/1174 1191/1191 1175/1175
f 1175/1175 1191/1191 1192/1192
f 1175/1175 1192/1192 1176/1176
f 1176/1176 1192/1192 1193/1193
f 1176/1176 1193/1193 1177/1177
f 1177/1177 1193/1193 1194/1194
f 1178/1178 1195/1195 1179/1179
f 1179/1179 1195/1195 1196/1196
f 1179/1179 1196/1196 1180/1180
f 1180/1180 1196/1196 1197/1197
f 1180/1180 1197/1197 1181/1181
f 1181/1181 1197/1197 1198/1198
f 1181/1181 1198/1198 1182/1182
f 1182/1182 1198/1198 1199/1199
f 1182/1182 1199/1199 1183/1183
f 1183/1183 1199/1199 1200/1200
f 1183/1183 1200/1200 1184/1184
f 1184/1184 1200/1200 1201/1201
f 1184/1184 1201/1201 1185/1185
f 1185/1185 1201/1201 1202/1202
f 1185/1185 1202/1202 1186/1186
f 1186/1186 1202/1202 1203/1203
f 1186/1186 1203/1203 1187/1187
f 1187/1187 1203/1203 1204/1204
f 1187/1187 1204/1204 1188/1188
f 1188/1188 1204/1204 1205/1205
f 1188/1188 1205/1205 1189/1189
f 1189/1189 1205/1205 1206/1206
f 1189/1189 1206/1206 1190/1190
f 1190/1190 1206/1206 1207/1207
f 1190/1190 1207/1207 1191/1191
f 1191/1191 1207/1207 1208/1208
f 1191/1191 1208/1208 1192/1192
f 1192/1192 1208/1208 1209/1209
f 1192/1192 1209/1209 1193/1193
f 1193/1193 1209/1209 1210/1210
f 1193/1193 1210/1210 1194/1194
f 1194/1194 1210/1210 1211/1211
f 1195/1195 1212/1212 1196/1196
f 1196/1196 1213/1213 1197/1197
f 1197/1197 1214/1214 1198/1198
f 1198/1198 1215/1215 1199/1199
f 1199/1199 1216/1216 1200/1200
f 1200/1200 1217/1217 1201/1201
f 1201/1201 1218/1218 1202/1202
f 1202/1202 1219/1219 1203/1203
f 1203/1203 1220/1220 1204/1204
f 1204/1204 1221/1221 1205/1205
f 1205/1205 1222/1222 1206/1206
f 1206/1206 1223/1223 1207/1207
f 1207/1207 1224/1224 1208/1208
f 1208/1208 1225/1225 1209/1209
f 1209/1209 1226/1226 1210/1210
f 1210/1210 1227/1227 1211/1211
usemtl Eye
s off
f 1230/1230 1246/1246 1247/1247
f 1231/1231 1247/1247 1248/1248
f 1232/1232 1248/1248 1249/1249
f 1233/1233 1249/1249 1250/1250
f 1234/1234 1250/1250 1251/1251
f 1235/1235 1251/1251 1252/1252
f 1236/1236 1252/1252 1253/1253
f 1237/1237 1253/1253 1254/1254
f 1238/1238 1254/1254 1255/1255
f 1239/1239 1255/1255 1256/1256
f 1240/1240 1256/1256 1257/1257
f 1241/1241 1257/1257 1258/1258
f 1242/1242 1258/1258 1259/1259
f 1243/1243 1259/1259 1260/1260
f 1244/1244 1260/1260 1261/1261
f 1245/1245 1261/1261 1262/1262
f 1246/1246 1263/1263 1247/1247
f 1247/1247 1263/1263 1264/1264
f 1247/1247 1264/1264 1248/1248
f 1248/1248 1264/1264 1265/1265
f 1248/1248 1265/1265 1249/1249
f 1249/1249 1265/1265 1266/1266
f 1249/1249 1266/1266 1250/1250
f 1250/1250 1266/1266 1267/1267
f 1250/1250 1267/1267 1251/1251
f 1251/1251 1267/1267 1268/1268
f 1251/1251 1268/1268 1252/1252
f 1252/1252 1268/1268 1269/1269
f 1252/1252 1269/1269 1253/1253
f 1253/1253 1269/1269 1270/1270
f 1253/1253 1270/1270 1254/1254
f 1254/1254 1270/1270 1271/1271
f 1254/1254 1271/1271 1255/1255
f 1255/1255 1271/1271 1272/1272
f 1255/1255 1272/1272 1256/1256
f 1256/1256 1272/1272 1273/1273
f 1256/1256 1273/1273 1257/1257
f 1257/1257 1273/1273 1274/1274
f 1257/1257 1274/1274 1258/1258
f 1258/1258 1274/1274 1275/1275
f 1258/1258 1275/1275 1259/1259
f 1259/1259 1275/1275 1276/1276
f 1259/1259 1276/1276 1260/1260
f 1260/1260 1276/1276 1277/1277
f 1260/1260 1277/1277 1261/1261
f 1261/1261 1277/1277 1278/1278
f 1261/1261 1278/1278 1262/1262
f 1262/1262 1278/1278 1279/1279
f 1263/1263 1280/1280 1264/1264
f 1264/1264 1280/1280 1281/1281
f 1264/1264 1281/1281 1265/1265
f 1265/1265 1281/1281 1282/1282
f 1265/1265 1282/1282 1266/1266
f 1266/1266 1282/1282 1283/1283
f 1266/1266 1283/1283 1267/1267
f 1267/1267 1283/1283 1284/1284
f 1267/1267 1284/1284 1268/1268
f 1268/1268 1284/1284 1285/1285
f 1268/1268 1285/1285 1269/1269
f 1269/1269 1285/1285 1286/1286
f 1269/1269 1286/1286 1270/1270
f 1270/1270 1286/1286 1287/1287
f 1270/1270 1287/1287 1271/1271
f 1271/1271 1287/1287 1288/1288
f 1271/1271 1288/1288 1272/1272
f 1272/1272 1288/1288 1289/1289
f 1272/1272 1289/1289 1273/1273
f 1273/1273 1289/1289 1290/1290
f 1273/1273 1290/1290 1274/1274
f 1274/1274 1290/1290 1291/1291
f 1274/1274 1291/1291 1275/1275
f 1275/1275 1291/1291 1292/1292
f 1275/1275 1292/1292 1276/1276
f 1276/1276 1292/1292 1293/1293
f 1276/1276 1293/1293 1277/1277
f 1277/1277 1293/1293 1294/1294
f 1277/1277 1294/1294 1278/1278
f 1278/1278 1294/1294 1295/1295
f 1278/1278 1295/1295 1279/1279
f 1279/1279 1295/1295 1296/1296
f 1280/1280 1297/1297 1281/1281
f 1281/1281 1297/1297 1298/1298
f 1281/1281 1298/1298 1282/1282
f 1282/1282 1298/1298 1299/1299
f 1282/1282 1299/1299 1283/1283
f 1283/1283 1299/1299 1300/1300
f 1283/1283 1300/1300 1284/1284
f 1284/1284 1300/1300 1301/1301
f 1284/1284 1301/1301 1285/1285
f 1285/1285 1301/1301 1302/1302
f 1285/1285 1302/1302 1286/1286
f 1286/1286 1302/1302 1303/1303
f 1286/1286 1303/1303 1287/1287
f 1287/1287 1303/1303 1304/1304
f 1287/1287 1304/1304 1288/1288
f 1288/1288 1304/1304 1305/1305
f 1288/1288 1305/1305 1289/1289
f 1289/1289 1305/1305 1306/1306
f 1289/1289 1306/1306 1290/1290
f 1290/1290 1306/1306 1307/1307
f 1290/1290 1307/1307 1291/1291
f 1291/1291 1307/1307 1308/1308
f 1291/1291 1308/1308 1292/1292
f 1292/1292 1308/1308 1309/1309
f 1292/1292 1309/1309 1293/1293
f 1293/1293 1309/1309 1310/1310
f 1293/1293 1310/1310 1294/1294
f 1294/1294 1310/1310 1311/1311
f 1294/1294 1311/1311 1295/1295
f 1295/1295 1311/1311 1312/1312
f 1295/1295 1312/1312 1296/1296
f 1296/1296 1312/1312 1313/1313
f 1297/1297 1314/1314 1298/1298
f 1298/1298 1314/1314 1315/1315
f 1298/1298 1315/1315 1299/1299
f 1299/1299 1315/1315 1316/1316
f 1299/1299 1316/1316 1300/1300
f 1300/1300 1316/1316 1317/1317
f 1300/1300 1317/1317 1301/1301
f 1301/1301 1317/1317 1318/1318
f 1301/1301 1318/1318 1302/1302
f 1302/1302 1318/1318 1319/1319
f 1302/1302 1319/1319 1303/1303
f 1303/1303 1319/1319 1320/1320
f 1303/1303 1320/1320 1304/1304
f 1304/1304 1320/1320 1321/1321
f 1304/1304 1321/1321 1305/1305
f 1305/1305 1321/1321 1322/1322
f 1305/1305 1322/1322 1306/1306
f 1306/1306 1322/1322 1323/1323
f 1306/1306 1323/1323 1307/1307
f 1307/1307 1323/1323 1324/1324
f 1307/1307 1324/1324 1308/1308
f 1308/1308 1324/1324 1325/1325
f 1308/1308 1325/1325 1309/1309
f 1309/1309 1325/1325 1326/1326
f 1309/1309 1326/1326 1310/1310
f 1310/1310 1326/1326 1327/1327
f 1310/1310 1327/1327 1311/1311
f 1311/1311 1327/1327 1328/1328
f 1311/1311 1328/1328 1312/1312
f 1312/1312 1328/1328 1329/1329
f 1312/1312 1329/1329 1313/1313
f 1313/1313 1329/1329 1330/1330
f 1314/1314 1331/1331 1315/1315
f 1315/1315 1331/1331 1332/1332
f 1315/1315 1332/1332 1316/1316
f 1316/1316 1332/1332 1333/1333
f 1316/1316 1333/1333 1317/1317
f 1317/1317 1333/1333 1334/1334
f 1317/1317 1334/1334 1318/1318
f 1318/1318 1334/1334 1335/1335
f 1318/1318 1335/1335 1319/1319
f 1319/1319 1335/1335 1336/1336
f 1319/1319 1336/1336 1320/1320
f 1320/1320 1336/1336 1337/1337
f 1320/1320 1337/1337 1321/1321
f 1321/1321 1337/1337 1338/1338
f 1321/1321 1338/1338 1322/1322
f 1322/1322 1338/1338 1339/1339
f 1322/1322 1339/1339 1323/1323
f 1323/1323 1339/1339 1340/1340
f 1323/1323 1340/1340 1324/1324
f 1324/1324 1340/1340 1341/1341
f 1324/1324 1341/1341 1325/1325
f 1325/1325 1341/1341 1342/1342
f 1325/1325 1342/1342 1326/1326
f 1326/1326 1342/1342 1343/1343
f 1326/1326 1343/1343 1327/1327
f 1327/1327 1343/1343 1344/1344
f 1327/1327 1344/1344 1328/1328
f 1328/1328 1344/1344 1345/1345
f 1328/1328 1345/1345 1329/1329
f 1329/1329 1345/1345 1346/1346
f 1329/1329 1346/1346 1330/1330
f 1330/1330 1346/1346 1347/1347
f 1331/1331 1348/1348 1332/1332
f 1332/1332 1348/1348 1349/1349
f 1332/1332 1349/1349 1333/1333
f 1333/1333 1349/1349 1350/1350
f 1333/1333 1350/1350 1334/1334
f 1334/1334 1350/1350 1351/1351
f 1334/1334 1351/1351 1335/1335
f 1335/1335 1351/1351 1352/1352
f 1335/1335 1352/1352 1336/1336
f 1336/1336 1352/1352 1353/1353
f 1336/1336 1353/1353 1337/1337
f 1337/1337 1353/1353 1354/1354
f 1337/1337 1354/1354 1338/1338
f 1338/1338 1354/1354 1355/1355
f 1338/1338 1355/1355 1339/1339
f 1339/1339 1355/1355 1356/1356
f 1339/1339 1356/1356 1340/1340
f 1340/1340 1356/1356 1357/1357
f 1340/1340 1357/1357 1341/1341
f 1341/1341 1357/1357 1358/1358
f 1341/1341 1358/1358 1342/1342
f 1342/1342 1358/1358 1359/1359
f 1342/1342 1359/1359 1343/1343
f 1343/1343 1359/1359 1360/1360
f 1343/1343 1360/1360 1344/1344
f 1344/1344 1360/1360 1361/1361
f 1344/1344 1361/1361 1345/1345
f 1345/1345 1361/1361 1362/1362
f 1345/1345 1362/1362 1346/1346
f 1346/1346 1362/1362 1363/1363
f 1346/1346 1363/1363 1347/1347
f 1347/1347 1363/1363 1364/1364
f 1348/1348 1365/1365 1349/1349
f 1349/1349 1365/1365 1366/1366
f 1349/1349 1366/1366 1350/1350
f 1350/1350 1366/1366 1367/1367
f 1350/1350 1367/1367 1351/1351
f 1351/1351 1367/1367 1368/1368
f 1351/1351 1368/1368 1352/1352
f 1352/1352 1368/1368 1369/1369
f 1352/1352 1369/1369 1353/1353
f 1353/1353 1369/1369 1370/1370
f 1353/1353 1370/1370 1354/1354
f 1354/1354 1370/1370 1371/1371
f 1354/1354 1371/1371 1355/1355
f 1355/1355 1371/1371 1372/1372
f 1355/1355 1372/1372 1356/1356
f 1356/1356 1372/1372 1373/1373
f 1356/1356 1373/1373 1357/1357
f 1357/1357 1373/1373 1374/1374
f 1357/1357 1374/1374 1358/1358
f 1358/1358 1374/1374 1375/1375
f 1358/1358 1375/1375 1359/1359
f 1359/1359 1375/1375 1376/1376
f 1359/1359 1376/1376 1360/1360
f 1360/1360 1376/1376 1377/1377
f 1360/1360 1377/1377 1361/1361
f 1361/1361 1377/1377 1378/1378
f 1361/1361 1378/1378 1362/1362
f 1362/1362 1378/1378 1379/1379
f 1362/1362 1379/1379 1363/1363
f 1363/1363 1379/1379 1380/1380
f 1363/1363 1380/1380 1364/1364
f 1364/1364 1380/1380 1381/1381
f 1365/1365 1382/1382 1366/1366
f 1366/1366 1382/1382 1383/1383
f 1366/1366 1383/1383 1367/1367
f 1367/1367 1383/1383 1384/1384
f 1367/1367 1384/1384 1368/1368
f 1368/1368 1384/1384 1385/1385
f 1368/1368 1385/1385 1369/1369
f 1369/1369 1385/1385 1386/1386
f 1369/1369 1386/1386 1370/1370
f 1370/1370 1386/1386 1387/1387
f 1370/1370 1387/1387 1371/1371
f 1371/1371 1387/1387 1388/1388
f 1371/1371 1388/1388 1372/1372
f 1372/1372 1388/1388 1389/1389
f 1372/1372 1389/1389 1373/1373
f 1373/1373 1389/1389 1390/1390
f 1373/1373 1390/1390 1374/1374
f 1374/1374 1390/1390 1391/1391
f 1374/1374 1391/1391 1375/1375
f 1375/1375 1391/1391 1392/1392
f 1375/1375 1392/1392 1376/1376
f 1376/1376 1392/1392 1393/1393
f 1376/1376 1393/1393 1377/1377
f 1377/1377 1393/1393 1394/1394
f 1377/1377 1394/1394 1378/1378
f 1378/1378 1394/1394 1395/1395
f 1378/1378 1395/1395 1379/1379
f 1379/1379 1395/1395 1396/1396
f 1379/1379 1396/1396 1380/1380
f 1380/1380 1396/1396 1397/1397
f 1380/1380 1397/1397 1381/1381
f 1381/1381 1397/1397 1398/1398
f 1382/1382 1399/1399 1383/1383
f 1383/1383 1400/1400 1384/1384
f 1384/1384 1401/1401 1385/1385
f 1385/1385 1402/1402 1386/1386
f 1386/1386 1403/1403 1387/1387
f 1387/1387 1404/1404 1388/1388
f 1388/1388 1405/1405 1389/1389
f 1389/1389 1406/1406 1390/1390
f 1390/1390 1407/1407 1391/1391
f 1391/1391 1408/1408 1392/1392
f 1392/1392 1409/1409 1393/1393
f 1393/1393 1410/1410 1394/1394
f 1394/1394 1411/1411 1395/1395
f 1395/1395 1412/1412 1396/1396
f 1396/1396 1413/1413 1397/1397
f 1397/1397 1414/1414 1398/1398
usemtl Highlight
s off
f 1417/1417 1427/1427 1428/1428
f 1418/1418 1428/1428 1429/1429
f 1419/1419 1429/1429 1430/1430
f 1420/1420 1430/1430 1431/1431
f 1421/1421 1431/1431 1432/1432
f 1422/1422 1432/1432 1433/1433
f 1423/1423 1433/1433 1434/1434
f 1424/1424 1434/1434 1435/1435
f 1425/1425 1435/1435 1436/1436
f 1426/1426 1436/1436 1437/1437
f 1427/1427 1438/1438 1428/1428
f 1428/1428 1438/1438 1439/1439
f 1428/1428 1439/1439 1429/1429
f 1429/1429 1439/1439 1440/1440
f 1429/1429 1440/1440 1430/1430
f 1430/1430 1440/1440 1441/1441
f 1430/1430 1441/1441 1431/1431
f 1431/1431 1441/1441 1442/1442
f 1431/1431 1442/1442 1432/1432
f 1432/1432 1442/1442 1443/1443
f 1432/1432 1443/1443 1433/1433
f 1433/1433 1443/1443 1444/1444
f 1433/1433 1444/1444 1434/1434
f 1434/1434 1444/1444 1445/1445
f 1434/1434 1445/1445 1435/1435
f 1435/1435 1445/1445 1446/1446
f 1435/1435 1446/1446 1436/1436
f 1436/1436 1446/1446 1447/1447
f 1436/1436 1447/1447 1437/1437
f 1437/1437 1447/1447 1448/1448
f 1438/1438 1449/1449 1439/1439
f 1439/1439 1449/1449 1450/1450
f 1439/1439 1450/1450 1440/1440
f 1440/1440 1450/1450 1451/1451
f 1440/1440 1451/1451 1441/1441
f 1441/1441 1451/1451 1452/1452
f 1441/1441 1452/1452 1442/1442
f 1442/1442 1452/1452 1453/1453
f 1442/1442 1453/1453 1443/1443
f 1443/1443 1453/1453 1454/1454
f 1443/1443 1454/1454 1444/1444
f 1444/1444 1454/1454 1455/1455
f 1444/1444 1455/1455 1445/1445
f 1445/1445 1455/1455 1456/1456
f 1445/1445 1456/1456 1446/1446
f 1446/1446 1456/1456 1457/1457
f 1446/1446 1457/1457 1447/1447
f 1447/1447 1457/1457 1458/1458
f 1447/1447 1458/1458 1448/1448
f 1448/1448 1458/1458 1459/1459
f 1449/1449 1460/1460 1450/1450
f 1450/1450 1460/1460 1461/1461
f 1450/1450 1461/1461 1451/1451
f 1451/1451 1461/1461 1462/1462
f 1451/1451 1462/1462 1452/1452
f 1452/1452 1462/1462 1463/1463
f 1452/1452 1463/1463 1453/1453
f 1453/1453 1463/1463 1464/1464
f 1453/1453 1464/1464 1454/1454
f 1454/1454 1464/1464 1465/1465
f 1454/1454 1465/1465 1455/1455
f 1455/1455 1465/1465 1466/1466
f 1455/1455 1466/1466 1456/1456
f 1456/1456 1466/1466 1467/1467
f 1456/1456 1467/1467 1457/1457
f 1457/1457 1467/1467 1468/1468
f 1457/1457 1468/1468 1458/1458
f 1458/1458 1468/1468 1469/1469
f 1458/1458 1469/1469 1459/1459
f 1459/1459 1469/1469 1470/1470
f 1460/1460 1471/1471 1461/1461
f 1461/1461 1471/1471 1472/1472
f 1461/1461 1472/1472 1462/1462
f 1462/1462 1472/1472 1473/1473
f 1462/1462 1473/1473 1463/1463
f 1463/1463 1473/1473 1474/1474
f 1463/1463 1474/1474 1464/1464
f 1464/1464 1474/1474 1475/1475
f 1464/1464 1475/1475 1465/1465
f 1465/1465 1475/1475 1476/1476
f 1465/1465 1476/1476 1466/1466
f 1466/1466 1476/1476 1477/1477
f 1466/1466 1477/1477 1467/1467
f 1467/1467 1477/1477 1478/1478
f 1467/1467 1478/1478 1468/1468
f 1468/1468 1478/1478 1479/1479
f 1468/1468 1479/1479 1469/1469
f 1469/1469 1479/1479 1480/1480
f 1469/1469 1480/1480 1470/1470
f 1470/1470 1480/1480 1481/1481
f 1471/1471 1482/1482 1472/1472
f 1472/1472 1483/1483 1473/1473
f 1473/1473 1484/1484 1474/1474
f 1474/1474 1485/1485 1475/1475
f 1475/1475 1486/1486 1476/1476
f 1476/1476 1487/1487 1477/1477
f 1477/1477 1488/1488 1478/1478
f 1478/1478 1489/1489 1479/1479
f 1479/1479 1490/1490 1480/1480
f 1480/1480 1491/1491 1481/1481
usemtl Fin
s off
f 1493/1493 1495/1495 1494/1494
f 1496/1496 1497/1497 1498/1498
f 1493/1493 1494/1494 1497/1497
f 1493/1493 1497/1497 1496/1496
f 1494/1494 1495/1495 1498/1498
f 1494/1494 1498/1498 1497/1497
f 1495/1495 1493/1493 1496/1496
f 1495/1495 1496/1496 1498/1498
f 1499/1499 1501/1501 1500/1500
f 1502/1502 1503/1503 1504/1504
f 1499/1499 1500/1500 1503/1503
f 1499/1499 1503/1503 1502/1502
f 1500/1500 1501/1501 1504/1504
f 1500/1500 1504/1504 1503/1503
f 1501/1501 1499/1499 1502/1502
f 1501/1501 1502/1502 1504/1504
usemtl Gold
s off
f 1505/1505 1507/1507 1506/1506
f 1508/1508 1509/1509 1510/1510
f 1505/1505 1506/1506 1509/1509
f 1505/1505 1509/1509 1508/1508
f 1506/1506 1507/1507 1510/1510
f 1506/1506 1510/1510 1509/1509
f 1507/1507 1505/1505 1508/1508
f 1507/1507 1508/1508 1510/1510
f 1511/1511 1513/1513 1512/1512
f 1514/1514 1515/1515 1516/1516
f 1511/1511 1512/1512 1515/1515
f 1511/1511 1515/1515 1514/1514
f 1512/1512 1513/1513 1516/1516
f 1512/1512 1516/1516 1515/1515
f 1513/1513 1511/1511 1514/1514
f 1513/1513 1514/1514 1516/1516
f 1517/1517 1519/1519 1518/1518
f 1520/1520 1521/1521 1522/1522
f 1517/1517 1518/1518 1521/1521
f 1517/1517 1521/1521 1520/1520
f 1518/1518 1519/1519 1522/1522
f 1518/1518 1522/1522 1521/1521
f 1519/1519 1517/1517 1520/1520
f 1519/1519 1520/1520 1522/1522
usemtl Eye
s off
f 1524/1524 1536/1536 1537/1537
f 1525/1525 1537/1537 1538/1538
f 1526/1526 1538/1538 1539/1539
f 1527/1527 1539/1539 1540/1540
f 1528/1528 1540/1540 1541/1541
f 1529/1529 1541/1541 1542/1542
f 1530/1530 1542/1542 1543/1543
f 1531/1531 1543/1543 1544/1544
f 1532/1532 1544/1544 1545/1545
f 1533/1533 1545/1545 1546/1546
f 1534/1534 1546/1546 1547/1547
f 1535/1535 1547/1547 1548/1548
f 1536/1536 1549/1549 1537/1537
f 1537/1537 1549/1549 1550/1550
f 1537/1537 1550/1550 1538/1538
f 1538/1538 1550/1550 1551/1551
f 1538/1538 1551/1551 1539/1539
f 1539/1539 1551/1551 1552/1552
f 1539/1539 1552/1552 1540/1540
f 1540/1540 1552/1552 1553/1553
f 1540/1540 1553/1553 1541/1541
f 1541/1541 1553/1553 1554/1554
f 1541/1541 1554/1554 1542/1542
f 1542/1542 1554/1554 1555/1555
f 1542/1542 1555/1555 1543/1543
f 1543/1543 1555/1555 1556/1556
f 1543/1543 1556/1556 1544/1544
f 1544/1544 1556/1556 1557/1557
f 1544/1544 1557/1557 1545/1545
f 1545/1545 1557/1557 1558/1558
f 1545/1545 1558/1558 1546/1546
f 1546/1546 1558/1558 1559/1559
f 1546/1546 1559/1559 1547/1547
f 1547/1547 1559/1559 1560/1560
f 1547/1547 1560/1560 1548/1548
f 1548/1548 1560/1560 1561/1561
f 1549/1549 1562/1562 1550/1550
f 1550/1550 1562/1562 1563/1563
f 1550/1550 1563/1563 1551/1551
f 1551/1551 1563/1563 1564/1564
f 1551/1551 1564/1564 1552/1552
f 1552/1552 1564/1564 1565/1565
f 1552/1552 1565/1565 1553/1553
f 1553/1553 1565/1565 1566/1566
f 1553/1553 1566/1566 1554/1554
f 1554/1554 1566/1566 1567/1567
f 1554/1554 1567/1567 1555/1555
f 1555/1555 1567/1567 1568/1568
f 1555/1555 1568/1568 1556/1556
f 1556/1556 1568/1568 1569/1569
f 1556/1556 1569/1569 1557/1557
f 1557/1557 1569/1569 1570/1570
f 1557/1557 1570/1570 1558/1558
f 1558/1558 1570/1570 1571/1571
f 1558/1558 1571/1571 1559/1559
f 1559/1559 1571/1571 1572/1572
f 1559/1559 1572/1572 1560/1560
f 1560/1560 1572/1572 1573/1573
f 1560/1560 1573/1573 1561/1561
f 1561/1561 1573/1573 1574/1574
f 1562/1562 1575/1575 1563/1563
f 1563/1563 1575/1575 1576/1576
f 1563/1563 1576/1576 1564/1564
f 1564/1564 1576/1576 1577/1577
f 1564/1564 1577/1577 1565/1565
f 1565/1565 1577/1577 1578/1578
f 1565/1565 1578/1578 1566/1566
f 1566/1566 1578/1578 1579/1579
f 1566/1566 1579/1579 1567/1567
f 1567/1567 1579/1579 1580/1580
f 1567/1567 1580/1580 1568/1568
f 1568/1568 1580/1580 1581/1581
f 1568/1568 1581/1581 1569/1569
f 1569/1569 1581/1581 1582/1582
f 1569/1569 1582/1582 1570/1570
f 1570/1570 1582/1582 1583/1583
f 1570/1570 1583/1583 1571/1571
f 1571/1571 1583/1583 1584/1584
f 1571/1571 1584/1584 1572/1572
f 1572/1572 1584/1584 1585/1585
f 1572/1572 1585/1585 1573/1573
f 1573/1573 1585/1585 1586/1586
f 1573/1573 1586/1586 1574/1574
f 1574/1574 1586/1586 1587/1587
f 1575/1575 1588/1588 1576/1576
f 1576/1576 1588/1588 1589/1589
f 1576/1576 1589/1589 1577/1577
f 1577/1577 1589/1589 1590/1590
f 1577/1577 1590/1590 1578/1578
f 1578/1578 1590/1590 1591/1591
f 1578/1578 1591/1591 1579/1579
f 1579/1579 1591/1591 1592/1592
f 1579/1579 1592/1592 1580/1580
f 1580/1580 1592/1592 1593/1593
f 1580/1580 1593/1593 1581/1581
f 1581/1581 1593/1593 1594/1594
f 1581/1581 1594/1594 1582/1582
f 1582/1582 1594/1594 1595/1595
f 1582/1582 1595/1595 1583/1583
f 1583/1583 1595/1595 1596/1596
f 1583/1583 1596/1596 1584/1584
f 1584/1584 1596/1596 1597/1597
f 1584/1584 1597/1597 1585/1585
f 1585/1585 1597/1597 1598/1598
f 1585/1585 1598/1598 1586/1586
f 1586/1586 1598/1598 1599/1599
f 1586/1586 1599/1599 1587/1587
f 1587/1587 1599/1599 1600/1600
f 1588/1588 1601/1601 1589/1589
f 1589/1589 1602/1602 1590/1590
f 1590/1590 1603/1603 1591/1591
f 1591/1591 1604/1604 1592/1592
f 1592/1592 1605/1605 1593/1593
f 1593/1593 1606/1606 1594/1594
f 1594/1594 1607/1607 1595/1595
f 1595/1595 1608/1608 1596/1596
f 1596/1596 1609/1609 1597/1597
f 1597/1597 1610/1610 1598/1598
f 1598/1598 1611/1611 1599/1599
f 1599/1599 1612/1612 1600/1600
